{
  "type": "FeatureCollection",
  "name": "GVK_Enclave_Road_Network",
  "crs": {
    "type": "name",
    "properties": {
      "name": "urn:ogc:def:crs:OGC:1.3:CRS84"
    }
  },
  "features": [
    {
      "type": "Feature",
      "id": "15FC3",
      "geometry": {
        "type": "Polygon",
        "coordinates": [
          [
            [
              76.9016291,
              15.126434
            ],
            [
              76.9016441,
              15.1264379
            ],
            [
              76.9016448,
              15.1264382
            ],
            [
              76.9016454,
              15.1264386
            ],
            [
              76.9016459,
              15.1264391
            ],
            [
              76.9016463,
              15.1264397
            ],
            [
              76.9016465,
              15.1264404
            ],
            [
              76.9016466,
              15.1264411
            ],
            [
              76.9016464,
              15.1264846
            ],
            [
              76.9016463,
              15.1264853
            ],
            [
              76.9016461,
              15.126486
            ],
            [
              76.9016457,
              15.1264866
            ],
            [
              76.9016451,
              15.1264871
            ],
            [
              76.9016445,
              15.1264875
            ],
            [
              76.9016438,
              15.1264877
            ],
            [
              76.901643,
              15.1264878
            ],
            [
              76.9016285,
              15.1264877
            ],
            [
              76.9016276,
              15.1264876
            ],
            [
              76.9016268,
              15.1264873
            ],
            [
              76.9016262,
              15.1264867
            ],
            [
              76.9016256,
              15.1264861
            ],
            [
              76.9016253,
              15.1264853
            ],
            [
              76.9016252,
              15.1264845
            ],
            [
              76.9016249,
              15.1264372
            ],
            [
              76.901625,
              15.1264364
            ],
            [
              76.9016252,
              15.1264357
            ],
            [
              76.9016257,
              15.1264351
            ],
            [
              76.9016262,
              15.1264346
            ],
            [
              76.9016269,
              15.1264342
            ],
            [
              76.9016276,
              15.126434
            ],
            [
              76.9016284,
              15.1264339
            ],
            [
              76.9016291,
              15.126434
            ]
          ]
        ]
      },
      "properties": {
        "layer": "Road_9MAB",
        "sourceEntityHandle": "15FC3",
        "roadType": "ROAD_9MAB",
        "width": "9M",
        "label": "9M ROAD",
        "geometrySource": "DXF_EXTRACTION",
        "entityType": "LWPOLYLINE",
        "closed": true,
        "hasBulges": true
      }
    },
    {
      "type": "Feature",
      "id": "15FC4",
      "geometry": {
        "type": "Polygon",
        "coordinates": [
          [
            [
              76.9016568,
              15.1264412
            ],
            [
              76.9016605,
              15.1264422
            ],
            [
              76.9016622,
              15.1264428
            ],
            [
              76.9016629,
              15.126443
            ],
            [
              76.9016634,
              15.1264434
            ],
            [
              76.9016639,
              15.1264439
            ],
            [
              76.9016642,
              15.1264445
            ],
            [
              76.9016644,
              15.1264452
            ],
            [
              76.9016645,
              15.1264458
            ],
            [
              76.9016646,
              15.1264847
            ],
            [
              76.9016646,
              15.1264854
            ],
            [
              76.9016643,
              15.1264861
            ],
            [
              76.9016639,
              15.1264867
            ],
            [
              76.9016634,
              15.1264873
            ],
            [
              76.9016627,
              15.1264877
            ],
            [
              76.901662,
              15.1264879
            ],
            [
              76.9016613,
              15.126488
            ],
            [
              76.9016558,
              15.1264879
            ],
            [
              76.9016549,
              15.1264878
            ],
            [
              76.9016541,
              15.1264875
            ],
            [
              76.9016534,
              15.126487
            ],
            [
              76.9016529,
              15.1264863
            ],
            [
              76.9016526,
              15.1264855
            ],
            [
              76.9016524,
              15.1264847
            ],
            [
              76.9016526,
              15.1264443
            ],
            [
              76.9016527,
              15.1264435
            ],
            [
              76.9016531,
              15.1264427
            ],
            [
              76.9016536,
              15.126442
            ],
            [
              76.9016543,
              15.1264415
            ],
            [
              76.9016551,
              15.1264412
            ],
            [
              76.901656,
              15.1264411
            ],
            [
              76.9016568,
              15.1264412
            ]
          ]
        ]
      },
      "properties": {
        "layer": "Road_9MAB",
        "sourceEntityHandle": "15FC4",
        "roadType": "ROAD_9MAB",
        "width": "9M",
        "label": "9M ROAD",
        "geometrySource": "DXF_EXTRACTION",
        "entityType": "LWPOLYLINE",
        "closed": true,
        "hasBulges": true
      }
    },
    {
      "type": "Feature",
      "id": "15FC5",
      "geometry": {
        "type": "Polygon",
        "coordinates": [
          [
            [
              76.9017422,
              15.126481
            ],
            [
              76.9017663,
              15.1265088
            ],
            [
              76.9017668,
              15.1265095
            ],
            [
              76.9017671,
              15.1265102
            ],
            [
              76.9017671,
              15.1265111
            ],
            [
              76.901767,
              15.1265119
            ],
            [
              76.9017666,
              15.1265126
            ],
            [
              76.9017661,
              15.1265132
            ],
            [
              76.9017654,
              15.1265137
            ],
            [
              76.9017647,
              15.126514
            ],
            [
              76.9017638,
              15.1265141
            ],
            [
              76.90174,
              15.1265145
            ],
            [
              76.9017392,
              15.1265144
            ],
            [
              76.9017385,
              15.1265142
            ],
            [
              76.9017379,
              15.1265138
            ],
            [
              76.9017374,
              15.1265133
            ],
            [
              76.901737,
              15.1265126
            ],
            [
              76.9017367,
              15.126512
            ],
            [
              76.9017366,
              15.1265112
            ],
            [
              76.9017363,
              15.1264831
            ],
            [
              76.9017364,
              15.1264824
            ],
            [
              76.9017367,
              15.1264816
            ],
            [
              76.9017371,
              15.126481
            ],
            [
              76.9017378,
              15.1264804
            ],
            [
              76.9017385,
              15.1264801
            ],
            [
              76.9017393,
              15.1264799
            ],
            [
              76.9017401,
              15.1264799
            ],
            [
              76.9017409,
              15.1264801
            ],
            [
              76.9017416,
              15.1264805
            ],
            [
              76.9017422,
              15.126481
            ]
          ]
        ]
      },
      "properties": {
        "layer": "Road_9MAB",
        "sourceEntityHandle": "15FC5",
        "roadType": "ROAD_9MAB",
        "width": "9M",
        "label": "9M ROAD",
        "geometrySource": "DXF_EXTRACTION",
        "entityType": "LWPOLYLINE",
        "closed": true,
        "hasBulges": true
      }
    },
    {
      "type": "Feature",
      "id": "15FC6",
      "geometry": {
        "type": "Polygon",
        "coordinates": [
          [
            [
              76.9017074,
              15.1264628
            ],
            [
              76.9017075,
              15.126462
            ],
            [
              76.9017078,
              15.1264613
            ],
            [
              76.9017082,
              15.1264607
            ],
            [
              76.9017088,
              15.1264602
            ],
            [
              76.9017095,
              15.1264598
            ],
            [
              76.9017103,
              15.1264596
            ],
            [
              76.9017111,
              15.1264596
            ],
            [
              76.9017119,
              15.1264597
            ],
            [
              76.9017279,
              15.1264652
            ],
            [
              76.9017285,
              15.1264655
            ],
            [
              76.901729,
              15.1264659
            ],
            [
              76.9017295,
              15.1264664
            ],
            [
              76.9017298,
              15.126467
            ],
            [
              76.90173,
              15.1264676
            ],
            [
              76.9017301,
              15.1264683
            ],
            [
              76.9017303,
              15.1264901
            ],
            [
              76.9017302,
              15.1264909
            ],
            [
              76.9017299,
              15.1264917
            ],
            [
              76.9017294,
              15.1264924
            ],
            [
              76.9017287,
              15.1264929
            ],
            [
              76.9017279,
              15.1264933
            ],
            [
              76.901727,
              15.1264934
            ],
            [
              76.9017106,
              15.1264936
            ],
            [
              76.9017098,
              15.1264935
            ],
            [
              76.9017091,
              15.1264932
            ],
            [
              76.9017084,
              15.1264929
            ],
            [
              76.9017079,
              15.1264923
            ],
            [
              76.9017075,
              15.1264917
            ],
            [
              76.9017073,
              15.126491
            ],
            [
              76.9017072,
              15.1264903
            ],
            [
              76.9017074,
              15.1264628
            ]
          ]
        ]
      },
      "properties": {
        "layer": "Road_9MAB",
        "sourceEntityHandle": "15FC6",
        "roadType": "ROAD_9MAB",
        "width": "9M",
        "label": "9M ROAD",
        "geometrySource": "DXF_EXTRACTION",
        "entityType": "LWPOLYLINE",
        "closed": true,
        "hasBulges": true
      }
    },
    {
      "type": "Feature",
      "id": "15FC7",
      "geometry": {
        "type": "Polygon",
        "coordinates": [
          [
            [
              76.901785,
              15.1265375
            ],
            [
              76.9017402,
              15.1265375
            ],
            [
              76.9017393,
              15.1265374
            ],
            [
              76.9017385,
              15.126537
            ],
            [
              76.9017378,
              15.1265365
            ],
            [
              76.9017373,
              15.1265359
            ],
            [
              76.901737,
              15.1265351
            ],
            [
              76.9017368,
              15.1265342
            ],
            [
              76.9017367,
              15.1265236
            ],
            [
              76.9017368,
              15.1265228
            ],
            [
              76.9017372,
              15.126522
            ],
            [
              76.9017377,
              15.1265213
            ],
            [
              76.9017384,
              15.1265208
            ],
            [
              76.9017392,
              15.1265204
            ],
            [
              76.90174,
              15.1265203
            ],
            [
              76.9017748,
              15.1265199
            ],
            [
              76.9017753,
              15.1265199
            ],
            [
              76.9017758,
              15.12652
            ],
            [
              76.9017762,
              15.1265201
            ],
            [
              76.9017767,
              15.1265204
            ],
            [
              76.9017771,
              15.1265206
            ],
            [
              76.9017774,
              15.126521
            ],
            [
              76.9017878,
              15.1265318
            ],
            [
              76.9017882,
              15.1265326
            ],
            [
              76.9017884,
              15.1265334
            ],
            [
              76.9017885,
              15.1265342
            ],
            [
              76.9017883,
              15.126535
            ],
            [
              76.9017879,
              15.1265358
            ],
            [
              76.9017874,
              15.1265365
            ],
            [
              76.9017867,
              15.126537
            ],
            [
              76.9017859,
              15.1265373
            ],
            [
              76.901785,
              15.1265375
            ]
          ]
        ]
      },
      "properties": {
        "layer": "Road_9MAB",
        "sourceEntityHandle": "15FC7",
        "roadType": "ROAD_9MAB",
        "width": "9M",
        "label": "9M ROAD",
        "geometrySource": "DXF_EXTRACTION",
        "entityType": "LWPOLYLINE",
        "closed": true,
        "hasBulges": true
      }
    },
    {
      "type": "Feature",
      "id": "15FC8",
      "geometry": {
        "type": "Polygon",
        "coordinates": [
          [
            [
              76.90181,
              15.1265548
            ],
            [
              76.9018103,
              15.1265552
            ],
            [
              76.9018104,
              15.1265558
            ],
            [
              76.9018104,
              15.1265563
            ],
            [
              76.9018103,
              15.1265568
            ],
            [
              76.90181,
              15.1265573
            ],
            [
              76.9018097,
              15.1265577
            ],
            [
              76.9018092,
              15.1265581
            ],
            [
              76.9018087,
              15.1265583
            ],
            [
              76.9018081,
              15.1265583
            ],
            [
              76.9017404,
              15.1265583
            ],
            [
              76.9017396,
              15.1265582
            ],
            [
              76.9017388,
              15.1265579
            ],
            [
              76.9017381,
              15.1265574
            ],
            [
              76.9017375,
              15.1265567
            ],
            [
              76.9017372,
              15.126556
            ],
            [
              76.9017371,
              15.1265551
            ],
            [
              76.901737,
              15.1265466
            ],
            [
              76.9017371,
              15.1265459
            ],
            [
              76.9017373,
              15.1265452
            ],
            [
              76.9017377,
              15.1265446
            ],
            [
              76.9017382,
              15.126544
            ],
            [
              76.9017389,
              15.1265437
            ],
            [
              76.9017396,
              15.1265434
            ],
            [
              76.9017403,
              15.1265433
            ],
            [
              76.9017975,
              15.1265433
            ],
            [
              76.9017979,
              15.1265434
            ],
            [
              76.9017984,
              15.1265434
            ],
            [
              76.9017988,
              15.1265436
            ],
            [
              76.9017992,
              15.1265438
            ],
            [
              76.9017996,
              15.1265441
            ],
            [
              76.9017999,
              15.1265444
            ],
            [
              76.90181,
              15.1265548
            ]
          ]
        ]
      },
      "properties": {
        "layer": "Road_9MAB",
        "sourceEntityHandle": "15FC8",
        "roadType": "ROAD_9MAB",
        "width": "9M",
        "label": "9M ROAD",
        "geometrySource": "DXF_EXTRACTION",
        "entityType": "LWPOLYLINE",
        "closed": true,
        "hasBulges": true
      }
    },
    {
      "type": "Feature",
      "id": "15FC9",
      "geometry": {
        "type": "Polygon",
        "coordinates": [
          [
            [
              76.9018228,
              15.1265648
            ],
            [
              76.9018386,
              15.1265751
            ],
            [
              76.9018392,
              15.1265757
            ],
            [
              76.9018397,
              15.1265763
            ],
            [
              76.90184,
              15.1265771
            ],
            [
              76.9018401,
              15.1265779
            ],
            [
              76.9018399,
              15.1265788
            ],
            [
              76.9018396,
              15.1265795
            ],
            [
              76.901839,
              15.1265802
            ],
            [
              76.9018384,
              15.1265807
            ],
            [
              76.9018376,
              15.126581
            ],
            [
              76.9018367,
              15.1265811
            ],
            [
              76.9017407,
              15.1265811
            ],
            [
              76.9017398,
              15.126581
            ],
            [
              76.901739,
              15.1265806
            ],
            [
              76.9017383,
              15.1265801
            ],
            [
              76.9017378,
              15.1265795
            ],
            [
              76.9017374,
              15.1265787
            ],
            [
              76.9017373,
              15.1265778
            ],
            [
              76.9017372,
              15.1265675
            ],
            [
              76.9017373,
              15.1265668
            ],
            [
              76.9017375,
              15.1265661
            ],
            [
              76.9017379,
              15.1265654
            ],
            [
              76.9017385,
              15.1265649
            ],
            [
              76.9017391,
              15.1265645
            ],
            [
              76.9017398,
              15.1265643
            ],
            [
              76.9017406,
              15.1265642
            ],
            [
              76.9018209,
              15.1265642
            ],
            [
              76.9018212,
              15.1265642
            ],
            [
              76.9018216,
              15.1265643
            ],
            [
              76.9018219,
              15.1265643
            ],
            [
              76.9018222,
              15.1265644
            ],
            [
              76.9018225,
              15.1265646
            ],
            [
              76.9018228,
              15.1265648
            ]
          ]
        ]
      },
      "properties": {
        "layer": "Road_9MAB",
        "sourceEntityHandle": "15FC9",
        "roadType": "ROAD_9MAB",
        "width": "9M",
        "label": "9M ROAD",
        "geometrySource": "DXF_EXTRACTION",
        "entityType": "LWPOLYLINE",
        "closed": true,
        "hasBulges": true
      }
    },
    {
      "type": "Feature",
      "id": "15FCB",
      "geometry": {
        "type": "LineString",
        "coordinates": [
          [
            76.9016056,
            15.1268816
          ],
          [
            76.9016049,
            15.1268805
          ],
          [
            76.9016041,
            15.1268794
          ],
          [
            76.901603,
            15.1268786
          ],
          [
            76.9016018,
            15.126878
          ],
          [
            76.9016005,
            15.1268776
          ],
          [
            76.9015991,
            15.1268775
          ],
          [
            76.9013848,
            15.1268841
          ],
          [
            76.9013832,
            15.1268843
          ],
          [
            76.9013817,
            15.126885
          ],
          [
            76.9013804,
            15.1268859
          ],
          [
            76.9013793,
            15.1268872
          ],
          [
            76.9013786,
            15.1268887
          ],
          [
            76.9013784,
            15.1268903
          ],
          [
            76.9013785,
            15.1268919
          ],
          [
            76.9013978,
            15.1269852
          ],
          [
            76.9014004,
            15.1270016
          ],
          [
            76.9014063,
            15.1270389
          ]
        ]
      },
      "properties": {
        "layer": "PROP_ROAD",
        "sourceEntityHandle": "15FCB",
        "roadType": "PROP_ROAD",
        "width": "UNKNOWN",
        "label": "PROP_ROAD",
        "geometrySource": "DXF_EXTRACTION",
        "entityType": "LWPOLYLINE",
        "closed": false,
        "hasBulges": true
      }
    },
    {
      "type": "Feature",
      "id": "15FCC",
      "geometry": {
        "type": "Polygon",
        "coordinates": [
          [
            [
              76.9023024,
              15.126917
            ],
            [
              76.9023021,
              15.1269259
            ],
            [
              76.9023021,
              15.1269263
            ],
            [
              76.9023019,
              15.1269266
            ],
            [
              76.9023018,
              15.126927
            ],
            [
              76.9023015,
              15.1269273
            ],
            [
              76.9023012,
              15.1269275
            ],
            [
              76.9023009,
              15.1269277
            ],
            [
              76.9022792,
              15.1269367
            ],
            [
              76.9022787,
              15.1269368
            ],
            [
              76.9022782,
              15.1269368
            ],
            [
              76.9022778,
              15.1269367
            ],
            [
              76.9022773,
              15.1269365
            ],
            [
              76.902277,
              15.1269362
            ],
            [
              76.9022767,
              15.1269359
            ],
            [
              76.9022765,
              15.1269354
            ],
            [
              76.9022764,
              15.126935
            ],
            [
              76.9022746,
              15.1269077
            ],
            [
              76.9022747,
              15.1269072
            ],
            [
              76.9022748,
              15.1269068
            ],
            [
              76.902275,
              15.1269064
            ],
            [
              76.9022753,
              15.1269061
            ],
            [
              76.9022757,
              15.1269058
            ],
            [
              76.9022762,
              15.1269056
            ],
            [
              76.9022766,
              15.1269056
            ],
            [
              76.902293,
              15.1269056
            ],
            [
              76.9022935,
              15.1269056
            ],
            [
              76.902294,
              15.1269057
            ],
            [
              76.9022945,
              15.1269059
            ],
            [
              76.9022949,
              15.1269062
            ],
            [
              76.9022953,
              15.1269065
            ],
            [
              76.9022956,
              15.1269068
            ],
            [
              76.9023012,
              15.1269135
            ],
            [
              76.9023016,
              15.126914
            ],
            [
              76.9023019,
              15.1269146
            ],
            [
              76.9023021,
              15.1269152
            ],
            [
              76.9023023,
              15.1269158
            ],
            [
              76.9023024,
              15.1269164
            ],
            [
              76.9023024,
              15.126917
            ]
          ]
        ]
      },
      "properties": {
        "layer": "Road_9MAB",
        "sourceEntityHandle": "15FCC",
        "roadType": "ROAD_9MAB",
        "width": "6M",
        "label": "6M ROAD",
        "geometrySource": "DXF_EXTRACTION",
        "entityType": "LWPOLYLINE",
        "closed": true,
        "hasBulges": true
      }
    },
    {
      "type": "Feature",
      "id": "15FCD",
      "geometry": {
        "type": "LineString",
        "coordinates": [
          [
            76.9023007,
            15.1269795
          ],
          [
            76.9022991,
            15.1269804
          ],
          [
            76.9022974,
            15.1269812
          ],
          [
            76.9022958,
            15.1269821
          ],
          [
            76.9022942,
            15.126983
          ],
          [
            76.9022926,
            15.1269838
          ],
          [
            76.902291,
            15.1269847
          ],
          [
            76.9022904,
            15.126985
          ],
          [
            76.9022899,
            15.1269853
          ],
          [
            76.9022893,
            15.1269856
          ],
          [
            76.9022887,
            15.1269859
          ],
          [
            76.9022881,
            15.1269863
          ],
          [
            76.9022876,
            15.1269866
          ],
          [
            76.9022871,
            15.1269867
          ],
          [
            76.9022865,
            15.1269868
          ],
          [
            76.902286,
            15.1269867
          ],
          [
            76.9022855,
            15.1269865
          ],
          [
            76.9022851,
            15.1269862
          ],
          [
            76.9022848,
            15.1269858
          ],
          [
            76.9022748,
            15.126968
          ],
          [
            76.9022746,
            15.1269676
          ],
          [
            76.9022745,
            15.1269672
          ],
          [
            76.9022746,
            15.1269667
          ],
          [
            76.9022747,
            15.1269663
          ],
          [
            76.9022749,
            15.1269659
          ],
          [
            76.9022752,
            15.1269656
          ],
          [
            76.9022756,
            15.1269653
          ],
          [
            76.9023054,
            15.1269505
          ],
          [
            76.9023057,
            15.1269504
          ],
          [
            76.902306,
            15.1269501
          ],
          [
            76.9023062,
            15.1269499
          ],
          [
            76.9023064,
            15.1269495
          ],
          [
            76.9023065,
            15.1269492
          ],
          [
            76.9023065,
            15.1269489
          ],
          [
            76.9023074,
            15.126918
          ]
        ]
      },
      "properties": {
        "layer": "Road_9MAB",
        "sourceEntityHandle": "15FCD",
        "roadType": "ROAD_9MAB",
        "width": "7.5M",
        "label": "7.5M ROAD",
        "geometrySource": "DXF_EXTRACTION",
        "entityType": "LWPOLYLINE",
        "closed": false,
        "hasBulges": true
      }
    },
    {
      "type": "Feature",
      "id": "15FDB",
      "geometry": {
        "type": "LineString",
        "coordinates": [
          [
            76.9022559,
            15.1268681
          ],
          [
            76.9022558,
            15.1268812
          ],
          [
            76.9022559,
            15.1268817
          ],
          [
            76.902256,
            15.1268821
          ],
          [
            76.9022563,
            15.1268825
          ],
          [
            76.9022566,
            15.1268828
          ],
          [
            76.902257,
            15.126883
          ],
          [
            76.9022575,
            15.1268831
          ],
          [
            76.9022579,
            15.1268832
          ],
          [
            76.9023007,
            15.1268812
          ]
        ]
      },
      "properties": {
        "layer": "Road_9MAB",
        "sourceEntityHandle": "15FDB",
        "roadType": "ROAD_9MAB",
        "width": "6M",
        "label": "6M ROAD",
        "geometrySource": "DXF_EXTRACTION",
        "entityType": "LWPOLYLINE",
        "closed": false,
        "hasBulges": true
      }
    },
    {
      "type": "Feature",
      "id": "15FDC",
      "geometry": {
        "type": "Polygon",
        "coordinates": [
          [
            [
              76.9023001,
              15.1269322
            ],
            [
              76.9022664,
              15.1269462
            ],
            [
              76.902266,
              15.1269464
            ],
            [
              76.9022656,
              15.1269468
            ],
            [
              76.9022654,
              15.1269472
            ],
            [
              76.9022652,
              15.1269476
            ],
            [
              76.9022652,
              15.1269481
            ],
            [
              76.9022653,
              15.1269486
            ],
            [
              76.9022657,
              15.1269498
            ],
            [
              76.9022661,
              15.126951
            ],
            [
              76.9022665,
              15.1269522
            ],
            [
              76.9022669,
              15.1269534
            ],
            [
              76.9022674,
              15.1269546
            ],
            [
              76.9022678,
              15.1269558
            ],
            [
              76.9022704,
              15.1269603
            ],
            [
              76.9022707,
              15.1269607
            ],
            [
              76.9022711,
              15.126961
            ],
            [
              76.9022716,
              15.1269612
            ],
            [
              76.9022721,
              15.1269613
            ],
            [
              76.9022726,
              15.1269613
            ],
            [
              76.9022731,
              15.1269611
            ],
            [
              76.9023005,
              15.1269475
            ],
            [
              76.9023008,
              15.1269473
            ],
            [
              76.902301,
              15.1269471
            ],
            [
              76.9023013,
              15.1269468
            ],
            [
              76.9023014,
              15.1269465
            ],
            [
              76.9023015,
              15.1269462
            ],
            [
              76.9023016,
              15.1269458
            ],
            [
              76.9023019,
              15.1269334
            ],
            [
              76.9023019,
              15.1269331
            ],
            [
              76.9023018,
              15.1269328
            ],
            [
              76.9023016,
              15.1269325
            ],
            [
              76.9023014,
              15.1269323
            ],
            [
              76.9023011,
              15.1269322
            ],
            [
              76.9023007,
              15.1269321
            ],
            [
              76.9023004,
              15.1269321
            ],
            [
              76.9023001,
              15.1269322
            ]
          ]
        ]
      },
      "properties": {
        "layer": "Road_9MAB",
        "sourceEntityHandle": "15FDC",
        "roadType": "ROAD_9MAB",
        "width": "6M",
        "label": "6M ROAD",
        "geometrySource": "DXF_EXTRACTION",
        "entityType": "LWPOLYLINE",
        "closed": true,
        "hasBulges": true
      }
    },
    {
      "type": "Feature",
      "id": "15FDD",
      "geometry": {
        "type": "LineString",
        "coordinates": [
          [
            76.9022498,
            15.1268719
          ],
          [
            76.9022498,
            15.1268847
          ],
          [
            76.9022498,
            15.1268879
          ],
          [
            76.90225,
            15.1268999
          ],
          [
            76.902251,
            15.1269118
          ],
          [
            76.9022527,
            15.1269236
          ],
          [
            76.9022552,
            15.1269354
          ],
          [
            76.9022584,
            15.1269469
          ],
          [
            76.9022623,
            15.1269582
          ],
          [
            76.9022787,
            15.1269871
          ]
        ]
      },
      "properties": {
        "layer": "Road_9MAB",
        "sourceEntityHandle": "15FDD",
        "roadType": "ROAD_9MAB",
        "width": "6M",
        "label": "6M ROAD",
        "geometrySource": "DXF_EXTRACTION",
        "entityType": "LWPOLYLINE",
        "closed": false,
        "hasBulges": true
      }
    },
    {
      "type": "Feature",
      "id": "15FDE",
      "geometry": {
        "type": "Polygon",
        "coordinates": [
          [
            [
              76.9023031,
              15.1268889
            ],
            [
              76.9023027,
              15.1269054
            ],
            [
              76.9023026,
              15.1269058
            ],
            [
              76.9023025,
              15.1269061
            ],
            [
              76.9023023,
              15.1269063
            ],
            [
              76.9023021,
              15.1269065
            ],
            [
              76.9023018,
              15.1269066
            ],
            [
              76.9023014,
              15.1269067
            ],
            [
              76.9023011,
              15.1269067
            ],
            [
              76.9023008,
              15.1269066
            ],
            [
              76.9023005,
              15.1269064
            ],
            [
              76.9023003,
              15.1269062
            ],
            [
              76.9022976,
              15.1269029
            ],
            [
              76.9022972,
              15.1269025
            ],
            [
              76.9022968,
              15.1269022
            ],
            [
              76.9022964,
              15.126902
            ],
            [
              76.9022959,
              15.1269018
            ],
            [
              76.9022954,
              15.1269017
            ],
            [
              76.9022949,
              15.1269017
            ],
            [
              76.902258,
              15.1269017
            ],
            [
              76.9022575,
              15.1269016
            ],
            [
              76.9022571,
              15.1269015
            ],
            [
              76.9022566,
              15.1269012
            ],
            [
              76.9022563,
              15.1269008
            ],
            [
              76.9022561,
              15.1269003
            ],
            [
              76.902256,
              15.1268998
            ],
            [
              76.902256,
              15.1268984
            ],
            [
              76.9022559,
              15.1268969
            ],
            [
              76.9022558,
              15.1268954
            ],
            [
              76.9022558,
              15.126894
            ],
            [
              76.9022558,
              15.1268925
            ],
            [
              76.9022558,
              15.126891
            ],
            [
              76.9022558,
              15.1268905
            ],
            [
              76.902256,
              15.1268901
            ],
            [
              76.9022563,
              15.1268897
            ],
            [
              76.9022567,
              15.1268893
            ],
            [
              76.9022572,
              15.1268891
            ],
            [
              76.9022577,
              15.1268891
            ],
            [
              76.9023012,
              15.126887
            ],
            [
              76.9023016,
              15.126887
            ],
            [
              76.902302,
              15.1268871
            ],
            [
              76.9023024,
              15.1268874
            ],
            [
              76.9023028,
              15.1268877
            ],
            [
              76.902303,
              15.126888
            ],
            [
              76.9023031,
              15.1268885
            ],
            [
              76.9023031,
              15.1268889
            ]
          ]
        ]
      },
      "properties": {
        "layer": "Road_9MAB",
        "sourceEntityHandle": "15FDE",
        "roadType": "ROAD_9MAB",
        "width": "6M",
        "label": "6M ROAD",
        "geometrySource": "DXF_EXTRACTION",
        "entityType": "LWPOLYLINE",
        "closed": true,
        "hasBulges": true
      }
    },
    {
      "type": "Feature",
      "id": "15FDF",
      "geometry": {
        "type": "LineString",
        "coordinates": [
          [
            76.9022787,
            15.1269871
          ],
          [
            76.9022791,
            15.1269879
          ],
          [
            76.9022792,
            15.1269888
          ],
          [
            76.9022791,
            15.1269896
          ],
          [
            76.9022788,
            15.1269904
          ],
          [
            76.9022783,
            15.1269911
          ],
          [
            76.9022777,
            15.1269917
          ],
          [
            76.9022761,
            15.1269925
          ],
          [
            76.9022746,
            15.1269933
          ],
          [
            76.902273,
            15.126994
          ],
          [
            76.9022715,
            15.1269948
          ],
          [
            76.9022699,
            15.1269956
          ],
          [
            76.9022683,
            15.1269963
          ],
          [
            76.9022645,
            15.1269982
          ],
          [
            76.9022607,
            15.1270001
          ],
          [
            76.9022569,
            15.1270021
          ],
          [
            76.9022531,
            15.1270041
          ],
          [
            76.9022494,
            15.1270062
          ],
          [
            76.9022457,
            15.1270083
          ],
          [
            76.9022395,
            15.1270118
          ],
          [
            76.9022333,
            15.1270151
          ],
          [
            76.9022271,
            15.1270184
          ],
          [
            76.9022207,
            15.1270215
          ],
          [
            76.9022143,
            15.1270245
          ],
          [
            76.9022079,
            15.1270274
          ],
          [
            76.9022031,
            15.1270296
          ],
          [
            76.9021983,
            15.1270318
          ],
          [
            76.9021936,
            15.127034
          ],
          [
            76.9021889,
            15.1270363
          ],
          [
            76.9021843,
            15.1270387
          ],
          [
            76.9021797,
            15.1270411
          ],
          [
            76.9021753,
            15.1270434
          ],
          [
            76.9021709,
            15.1270457
          ],
          [
            76.9021665,
            15.127048
          ],
          [
            76.9021621,
            15.1270502
          ],
          [
            76.9021577,
            15.1270525
          ],
          [
            76.9021533,
            15.1270546
          ],
          [
            76.9021518,
            15.127055
          ],
          [
            76.9021503,
            15.127055
          ],
          [
            76.9021489,
            15.1270547
          ],
          [
            76.9021475,
            15.1270541
          ],
          [
            76.9021463,
            15.1270532
          ],
          [
            76.9021454,
            15.1270521
          ],
          [
            76.9021448,
            15.1270508
          ],
          [
            76.9021445,
            15.1270493
          ]
        ]
      },
      "properties": {
        "layer": "Road_9MAB",
        "sourceEntityHandle": "15FDF",
        "roadType": "ROAD_9MAB",
        "width": "9M",
        "label": "9M ROAD",
        "geometrySource": "DXF_EXTRACTION",
        "entityType": "LWPOLYLINE",
        "closed": false,
        "hasBulges": true
      }
    },
    {
      "type": "Feature",
      "id": "15FE3",
      "geometry": {
        "type": "LineString",
        "coordinates": [
          [
            76.9022063,
            15.1270389
          ],
          [
            76.9022073,
            15.1270385
          ],
          [
            76.9022082,
            15.127038
          ],
          [
            76.9022092,
            15.1270376
          ],
          [
            76.9022101,
            15.1270372
          ],
          [
            76.9022111,
            15.1270368
          ],
          [
            76.902212,
            15.1270363
          ],
          [
            76.9022186,
            15.1270334
          ],
          [
            76.9022252,
            15.1270303
          ],
          [
            76.9022317,
            15.127027
          ],
          [
            76.9022381,
            15.1270237
          ],
          [
            76.9022445,
            15.1270203
          ],
          [
            76.9022508,
            15.1270167
          ],
          [
            76.9022544,
            15.1270147
          ],
          [
            76.902258,
            15.1270127
          ],
          [
            76.9022617,
            15.1270107
          ],
          [
            76.9022654,
            15.1270088
          ],
          [
            76.9022691,
            15.1270069
          ],
          [
            76.9022728,
            15.1270051
          ],
          [
            76.9022767,
            15.1270032
          ],
          [
            76.9022806,
            15.1270012
          ],
          [
            76.9022844,
            15.1269993
          ],
          [
            76.9022883,
            15.1269973
          ],
          [
            76.9022921,
            15.1269953
          ],
          [
            76.9022959,
            15.1269932
          ],
          [
            76.9022967,
            15.1269928
          ],
          [
            76.9022975,
            15.1269924
          ],
          [
            76.9022983,
            15.1269919
          ],
          [
            76.9022991,
            15.1269915
          ],
          [
            76.9022999,
            15.1269911
          ],
          [
            76.9023007,
            15.1269907
          ]
        ]
      },
      "properties": {
        "layer": "Road_9MAB",
        "sourceEntityHandle": "15FE3",
        "roadType": "ROAD_9MAB",
        "width": "9M",
        "label": "9M ROAD",
        "geometrySource": "DXF_EXTRACTION",
        "entityType": "LWPOLYLINE",
        "closed": false,
        "hasBulges": true
      }
    },
    {
      "type": "Feature",
      "id": "15FE4",
      "geometry": {
        "type": "LineString",
        "coordinates": [
          [
            76.9016346,
            15.1270389
          ],
          [
            76.9016345,
            15.1270386
          ],
          [
            76.9016342,
            15.1270382
          ],
          [
            76.9016339,
            15.1270378
          ],
          [
            76.9016335,
            15.1270376
          ],
          [
            76.9016331,
            15.1270375
          ],
          [
            76.9016326,
            15.1270374
          ],
          [
            76.9016321,
            15.1270375
          ],
          [
            76.9015647,
            15.1270552
          ]
        ]
      },
      "properties": {
        "layer": "Road_9MBL",
        "sourceEntityHandle": "15FE4",
        "roadType": "ROAD_9MBL",
        "width": "7.5M",
        "label": "7.5M ROAD",
        "geometrySource": "DXF_EXTRACTION",
        "entityType": "LWPOLYLINE",
        "closed": false,
        "hasBulges": true
      }
    },
    {
      "type": "Feature",
      "id": "15FE6",
      "geometry": {
        "type": "LineString",
        "coordinates": [
          [
            76.9016751,
            15.1270389
          ],
          [
            76.9016746,
            15.1270365
          ],
          [
            76.9016741,
            15.1270341
          ],
          [
            76.9016736,
            15.1270317
          ],
          [
            76.9016731,
            15.1270293
          ],
          [
            76.9016726,
            15.1270269
          ],
          [
            76.9016721,
            15.1270245
          ],
          [
            76.901671,
            15.1270142
          ],
          [
            76.9016694,
            15.1270041
          ],
          [
            76.9016673,
            15.1269941
          ],
          [
            76.9016645,
            15.1269841
          ],
          [
            76.9016613,
            15.1269744
          ],
          [
            76.9016575,
            15.1269648
          ],
          [
            76.9016575,
            15.1269648
          ]
        ]
      },
      "properties": {
        "layer": "Road_9MAB",
        "sourceEntityHandle": "15FE6",
        "roadType": "ROAD_9MAB",
        "width": "9M",
        "label": "9M ROAD",
        "geometrySource": "DXF_EXTRACTION",
        "entityType": "LWPOLYLINE",
        "closed": false,
        "hasBulges": true
      }
    },
    {
      "type": "Feature",
      "id": "15FEA",
      "geometry": {
        "type": "Polygon",
        "coordinates": [
          [
            [
              76.9016032,
              15.1265809
            ],
            [
              76.9016032,
              15.1265802
            ],
            [
              76.9016033,
              15.1265796
            ],
            [
              76.9016035,
              15.126579
            ],
            [
              76.9016039,
              15.1265784
            ],
            [
              76.9016045,
              15.126578
            ],
            [
              76.9016051,
              15.1265777
            ],
            [
              76.9016057,
              15.1265776
            ],
            [
              76.9016064,
              15.1265776
            ],
            [
              76.9016164,
              15.1265776
            ],
            [
              76.9016172,
              15.1265777
            ],
            [
              76.901618,
              15.126578
            ],
            [
              76.9016187,
              15.1265785
            ],
            [
              76.9016193,
              15.1265792
            ],
            [
              76.9016196,
              15.1265799
            ],
            [
              76.9016197,
              15.1265808
            ],
            [
              76.9016201,
              15.1266471
            ],
            [
              76.90162,
              15.1266479
            ],
            [
              76.9016197,
              15.1266487
            ],
            [
              76.9016192,
              15.1266494
            ],
            [
              76.9016185,
              15.1266499
            ],
            [
              76.9016177,
              15.1266502
            ],
            [
              76.9016169,
              15.1266504
            ],
            [
              76.9016072,
              15.1266507
            ],
            [
              76.9016064,
              15.1266506
            ],
            [
              76.9016057,
              15.1266504
            ],
            [
              76.901605,
              15.12665
            ],
            [
              76.9016045,
              15.1266495
            ],
            [
              76.9016041,
              15.1266489
            ],
            [
              76.9016038,
              15.1266482
            ],
            [
              76.9016037,
              15.1266474
            ],
            [
              76.9016032,
              15.1265809
            ]
          ]
        ]
      },
      "properties": {
        "layer": "Road_9MAB",
        "sourceEntityHandle": "15FEA",
        "roadType": "ROAD_9MAB",
        "width": "9M",
        "label": "9M ROAD",
        "geometrySource": "DXF_EXTRACTION",
        "entityType": "LWPOLYLINE",
        "closed": true,
        "hasBulges": true
      }
    },
    {
      "type": "Feature",
      "id": "15FEB",
      "geometry": {
        "type": "Polygon",
        "coordinates": [
          [
            [
              76.9017069,
              15.1265244
            ],
            [
              76.9017069,
              15.1265236
            ],
            [
              76.901707,
              15.1265229
            ],
            [
              76.9017074,
              15.1265221
            ],
            [
              76.901708,
              15.1265215
            ],
            [
              76.9017086,
              15.1265211
            ],
            [
              76.9017094,
              15.1265208
            ],
            [
              76.9017102,
              15.1265207
            ],
            [
              76.9017273,
              15.1265205
            ],
            [
              76.9017281,
              15.1265206
            ],
            [
              76.9017288,
              15.1265208
            ],
            [
              76.9017294,
              15.1265212
            ],
            [
              76.90173,
              15.1265217
            ],
            [
              76.9017304,
              15.1265223
            ],
            [
              76.9017306,
              15.126523
            ],
            [
              76.9017307,
              15.1265237
            ],
            [
              76.9017308,
              15.1265342
            ],
            [
              76.9017307,
              15.1265349
            ],
            [
              76.9017305,
              15.1265356
            ],
            [
              76.9017301,
              15.1265362
            ],
            [
              76.9017296,
              15.1265367
            ],
            [
              76.9017289,
              15.1265371
            ],
            [
              76.9017282,
              15.1265374
            ],
            [
              76.9017275,
              15.1265375
            ],
            [
              76.9017101,
              15.1265375
            ],
            [
              76.9017094,
              15.1265374
            ],
            [
              76.9017087,
              15.1265371
            ],
            [
              76.901708,
              15.1265368
            ],
            [
              76.9017075,
              15.1265362
            ],
            [
              76.9017071,
              15.1265356
            ],
            [
              76.9017069,
              15.1265349
            ],
            [
              76.9017068,
              15.1265342
            ],
            [
              76.9017069,
              15.1265244
            ]
          ]
        ]
      },
      "properties": {
        "layer": "Road_9MAB",
        "sourceEntityHandle": "15FEB",
        "roadType": "ROAD_9MAB",
        "width": "9M",
        "label": "9M ROAD",
        "geometrySource": "DXF_EXTRACTION",
        "entityType": "LWPOLYLINE",
        "closed": true,
        "hasBulges": true
      }
    },
    {
      "type": "Feature",
      "id": "15FEC",
      "geometry": {
        "type": "LineString",
        "coordinates": [
          [
            76.9016575,
            15.1269648
          ],
          [
            76.9016408,
            15.1269311
          ],
          [
            76.9016283,
            15.1269083
          ],
          [
            76.9016187,
            15.1268847
          ],
          [
            76.9016184,
            15.1268833
          ],
          [
            76.9016184,
            15.1268818
          ],
          [
            76.9016188,
            15.1268804
          ],
          [
            76.9016195,
            15.1268791
          ],
          [
            76.9016206,
            15.126878
          ],
          [
            76.9016218,
            15.1268772
          ],
          [
            76.9016232,
            15.1268767
          ],
          [
            76.9016247,
            15.1268765
          ],
          [
            76.9016262,
            15.1268767
          ]
        ]
      },
      "properties": {
        "layer": "Road_9MAB",
        "sourceEntityHandle": "15FEC",
        "roadType": "ROAD_9MAB",
        "width": "18M",
        "label": "18M ROAD",
        "geometrySource": "DXF_EXTRACTION",
        "entityType": "LWPOLYLINE",
        "closed": false,
        "hasBulges": true
      }
    },
    {
      "type": "Feature",
      "id": "15FED",
      "geometry": {
        "type": "LineString",
        "coordinates": [
          [
            76.9016163,
            15.1268653
          ],
          [
            76.9016148,
            15.1268654
          ],
          [
            76.9016134,
            15.1268652
          ],
          [
            76.901612,
            15.1268646
          ],
          [
            76.9016108,
            15.1268638
          ],
          [
            76.9016099,
            15.1268628
          ],
          [
            76.9016091,
            15.1268616
          ],
          [
            76.9015792,
            15.1267866
          ],
          [
            76.9015757,
            15.1267771
          ]
        ]
      },
      "properties": {
        "layer": "Road_9MAB",
        "sourceEntityHandle": "15FED",
        "roadType": "ROAD_9MAB",
        "width": "9M",
        "label": "9M ROAD",
        "geometrySource": "DXF_EXTRACTION",
        "entityType": "LWPOLYLINE",
        "closed": false,
        "hasBulges": true
      }
    },
    {
      "type": "Feature",
      "id": "15FEE",
      "geometry": {
        "type": "LineString",
        "coordinates": [
          [
            76.9015776,
            15.1266575
          ],
          [
            76.9016681,
            15.1266545
          ],
          [
            76.901669,
            15.1266544
          ],
          [
            76.9016698,
            15.126654
          ],
          [
            76.9016704,
            15.1266535
          ],
          [
            76.9016709,
            15.1266529
          ],
          [
            76.9016713,
            15.1266521
          ],
          [
            76.9016714,
            15.1266513
          ],
          [
            76.9016711,
            15.1265902
          ],
          [
            76.9016712,
            15.1265895
          ],
          [
            76.9016714,
            15.1265888
          ],
          [
            76.9016718,
            15.1265882
          ],
          [
            76.9016724,
            15.1265876
          ],
          [
            76.901673,
            15.1265873
          ],
          [
            76.9016737,
            15.126587
          ],
          [
            76.9016745,
            15.1265869
          ],
          [
            76.901742,
            15.1265869
          ],
          [
            76.9018499,
            15.1265869
          ],
          [
            76.9018512,
            15.1265868
          ],
          [
            76.9018525,
            15.1265863
          ],
          [
            76.9018536,
            15.1265855
          ],
          [
            76.9018544,
            15.1265844
          ],
          [
            76.901855,
            15.1265832
          ],
          [
            76.9018552,
            15.1265819
          ],
          [
            76.9018551,
            15.1265806
          ],
          [
            76.9018547,
            15.1265794
          ],
          [
            76.9018539,
            15.1265783
          ],
          [
            76.9018529,
            15.1265774
          ],
          [
            76.9018182,
            15.1265547
          ],
          [
            76.9017781,
            15.1265132
          ],
          [
            76.9017509,
            15.1264853
          ],
          [
            76.9017323,
            15.1264605
          ],
          [
            76.9016622,
            15.1264366
          ],
          [
            76.9016215,
            15.126426
          ],
          [
            76.901604,
            15.1264162
          ],
          [
            76.9016029,
            15.1264157
          ],
          [
            76.9016017,
            15.1264155
          ],
          [
            76.9016004,
            15.1264156
          ],
          [
            76.9015992,
            15.126416
          ],
          [
            76.9015982,
            15.1264166
          ],
          [
            76.9015973,
            15.1264174
          ],
          [
            76.9015966,
            15.1264184
          ],
          [
            76.9015962,
            15.1264196
          ],
          [
            76.901596,
            15.1264208
          ],
          [
            76.9015977,
            15.1266478
          ],
          [
            76.9015976,
            15.1266487
          ],
          [
            76.9015972,
            15.1266494
          ],
          [
            76.9015967,
            15.1266501
          ],
          [
            76.9015961,
            15.1266506
          ],
          [
            76.9015953,
            15.126651
          ],
          [
            76.9015944,
            15.1266511
          ],
          [
            76.9015773,
            15.1266517
          ]
        ]
      },
      "properties": {
        "layer": "Road_9MAB",
        "sourceEntityHandle": "15FEE",
        "roadType": "ROAD_9MAB",
        "width": "9M",
        "label": "9M ROAD",
        "geometrySource": "DXF_EXTRACTION",
        "entityType": "LWPOLYLINE",
        "closed": false,
        "hasBulges": true
      }
    },
    {
      "type": "Feature",
      "id": "15FEF",
      "geometry": {
        "type": "LineString",
        "coordinates": [
          [
            76.9015649,
            15.1267769
          ],
          [
            76.9015698,
            15.12679
          ],
          [
            76.9015969,
            15.1268579
          ],
          [
            76.9015972,
            15.1268593
          ],
          [
            76.9015972,
            15.1268608
          ],
          [
            76.9015968,
            15.1268622
          ],
          [
            76.9015961,
            15.1268635
          ],
          [
            76.9015951,
            15.1268646
          ],
          [
            76.9015939,
            15.1268655
          ],
          [
            76.9015925,
            15.126866
          ],
          [
            76.901591,
            15.1268662
          ],
          [
            76.9015895,
            15.1268661
          ]
        ]
      },
      "properties": {
        "layer": "Road_9MAB",
        "sourceEntityHandle": "15FEF",
        "roadType": "ROAD_9MAB",
        "width": "9M",
        "label": "9M ROAD",
        "geometrySource": "DXF_EXTRACTION",
        "entityType": "LWPOLYLINE",
        "closed": false,
        "hasBulges": true
      }
    },
    {
      "type": "Feature",
      "id": "15FF0",
      "geometry": {
        "type": "LineString",
        "coordinates": [
          [
            76.9015991,
            15.1268775
          ],
          [
            76.9016006,
            15.1268774
          ],
          [
            76.9016021,
            15.1268775
          ],
          [
            76.9016035,
            15.126878
          ],
          [
            76.9016047,
            15.1268788
          ],
          [
            76.9016057,
            15.1268799
          ],
          [
            76.9016064,
            15.1268811
          ],
          [
            76.9016173,
            15.1269077
          ],
          [
            76.9016173,
            15.1269077
          ],
          [
            76.9016173,
            15.1269077
          ]
        ]
      },
      "properties": {
        "layer": "Road_9MAB",
        "sourceEntityHandle": "15FF0",
        "roadType": "ROAD_9MAB",
        "width": "18M",
        "label": "18M ROAD",
        "geometrySource": "DXF_EXTRACTION",
        "entityType": "LWPOLYLINE",
        "closed": false,
        "hasBulges": true
      }
    },
    {
      "type": "Feature",
      "id": "15FF1",
      "geometry": {
        "type": "LineString",
        "coordinates": [
          [
            76.9016173,
            15.1269077
          ],
          [
            76.9016173,
            15.1269077
          ],
          [
            76.9016173,
            15.1269077
          ],
          [
            76.9016345,
            15.1269409
          ]
        ]
      },
      "properties": {
        "layer": "Road_9MAB",
        "sourceEntityHandle": "15FF1",
        "roadType": "ROAD_9MAB",
        "width": "18M",
        "label": "18M ROAD",
        "geometrySource": "DXF_EXTRACTION",
        "entityType": "LWPOLYLINE",
        "closed": false,
        "hasBulges": false
      }
    },
    {
      "type": "Feature",
      "id": "15FF2",
      "geometry": {
        "type": "LineString",
        "coordinates": [
          [
            76.9016345,
            15.1269409
          ],
          [
            76.9016479,
            15.126968
          ]
        ]
      },
      "properties": {
        "layer": "Road_9MAB",
        "sourceEntityHandle": "15FF2",
        "roadType": "ROAD_9MAB",
        "width": "18M",
        "label": "18M ROAD",
        "geometrySource": "DXF_EXTRACTION",
        "entityType": "LWPOLYLINE",
        "closed": false,
        "hasBulges": false
      }
    },
    {
      "type": "Feature",
      "id": "15FF3",
      "geometry": {
        "type": "Polygon",
        "coordinates": [
          [
            [
              76.9016291,
              15.1265775
            ],
            [
              76.9016382,
              15.1265775
            ],
            [
              76.9016391,
              15.1265776
            ],
            [
              76.9016399,
              15.1265779
            ],
            [
              76.9016406,
              15.1265784
            ],
            [
              76.9016411,
              15.1265791
            ],
            [
              76.9016414,
              15.1265798
            ],
            [
              76.9016416,
              15.1265807
            ],
            [
              76.9016423,
              15.1266463
            ],
            [
              76.9016422,
              15.1266472
            ],
            [
              76.9016419,
              15.1266479
            ],
            [
              76.9016414,
              15.1266486
            ],
            [
              76.9016407,
              15.1266491
            ],
            [
              76.90164,
              15.1266495
            ],
            [
              76.9016391,
              15.1266496
            ],
            [
              76.9016296,
              15.1266499
            ],
            [
              76.9016289,
              15.1266499
            ],
            [
              76.9016281,
              15.1266496
            ],
            [
              76.9016275,
              15.1266493
            ],
            [
              76.9016269,
              15.1266488
            ],
            [
              76.9016265,
              15.1266481
            ],
            [
              76.9016262,
              15.1266474
            ],
            [
              76.9016262,
              15.1266467
            ],
            [
              76.9016258,
              15.1265808
            ],
            [
              76.9016258,
              15.1265801
            ],
            [
              76.9016261,
              15.1265794
            ],
            [
              76.9016265,
              15.1265787
            ],
            [
              76.901627,
              15.1265782
            ],
            [
              76.9016276,
              15.1265778
            ],
            [
              76.9016284,
              15.1265776
            ],
            [
              76.9016291,
              15.1265775
            ]
          ]
        ]
      },
      "properties": {
        "layer": "Road_9MAB",
        "sourceEntityHandle": "15FF3",
        "roadType": "ROAD_9MAB",
        "width": "9M",
        "label": "9M ROAD",
        "geometrySource": "DXF_EXTRACTION",
        "entityType": "LWPOLYLINE",
        "closed": true,
        "hasBulges": true
      }
    },
    {
      "type": "Feature",
      "id": "15FF4",
      "geometry": {
        "type": "Polygon",
        "coordinates": [
          [
            [
              76.901665,
              15.1265682
            ],
            [
              76.9016648,
              15.1265691
            ],
            [
              76.9016645,
              15.1265698
            ],
            [
              76.9016639,
              15.1265705
            ],
            [
              76.9016633,
              15.126571
            ],
            [
              76.9016625,
              15.1265714
            ],
            [
              76.9016616,
              15.1265715
            ],
            [
              76.9016555,
              15.1265715
            ],
            [
              76.9016547,
              15.1265715
            ],
            [
              76.901654,
              15.1265712
            ],
            [
              76.9016534,
              15.1265708
            ],
            [
              76.9016528,
              15.1265703
            ],
            [
              76.9016524,
              15.1265697
            ],
            [
              76.9016522,
              15.126569
            ],
            [
              76.9016521,
              15.1265683
            ],
            [
              76.9016522,
              15.1265546
            ],
            [
              76.9016523,
              15.1265538
            ],
            [
              76.9016526,
              15.126553
            ],
            [
              76.9016531,
              15.1265523
            ],
            [
              76.9016538,
              15.1265518
            ],
            [
              76.9016546,
              15.1265515
            ],
            [
              76.9016555,
              15.1265514
            ],
            [
              76.9016616,
              15.1265514
            ],
            [
              76.9016623,
              15.1265514
            ],
            [
              76.901663,
              15.1265517
            ],
            [
              76.9016637,
              15.1265521
            ],
            [
              76.9016642,
              15.1265526
            ],
            [
              76.9016646,
              15.1265532
            ],
            [
              76.9016648,
              15.1265539
            ],
            [
              76.9016649,
              15.1265546
            ],
            [
              76.901665,
              15.1265682
            ]
          ]
        ]
      },
      "properties": {
        "layer": "Road_9MAB",
        "sourceEntityHandle": "15FF4",
        "roadType": "ROAD_9MAB",
        "width": "9M",
        "label": "9M ROAD",
        "geometrySource": "DXF_EXTRACTION",
        "entityType": "LWPOLYLINE",
        "closed": true,
        "hasBulges": true
      }
    },
    {
      "type": "Feature",
      "id": "15FF5",
      "geometry": {
        "type": "Polygon",
        "coordinates": [
          [
            [
              76.9016256,
              15.1265547
            ],
            [
              76.9016257,
              15.1265539
            ],
            [
              76.901626,
              15.1265531
            ],
            [
              76.9016266,
              15.1265524
            ],
            [
              76.9016273,
              15.1265519
            ],
            [
              76.9016281,
              15.1265516
            ],
            [
              76.9016289,
              15.1265515
            ],
            [
              76.9016428,
              15.1265514
            ],
            [
              76.9016435,
              15.1265515
            ],
            [
              76.9016442,
              15.1265518
            ],
            [
              76.9016449,
              15.1265521
            ],
            [
              76.9016454,
              15.1265527
            ],
            [
              76.9016458,
              15.1265533
            ],
            [
              76.901646,
              15.126554
            ],
            [
              76.9016461,
              15.1265547
            ],
            [
              76.9016461,
              15.1265683
            ],
            [
              76.9016459,
              15.1265692
            ],
            [
              76.9016456,
              15.12657
            ],
            [
              76.9016451,
              15.1265706
            ],
            [
              76.9016444,
              15.1265712
            ],
            [
              76.9016436,
              15.1265715
            ],
            [
              76.9016427,
              15.1265716
            ],
            [
              76.9016291,
              15.1265716
            ],
            [
              76.9016282,
              15.1265715
            ],
            [
              76.9016274,
              15.1265712
            ],
            [
              76.9016267,
              15.1265707
            ],
            [
              76.9016261,
              15.12657
            ],
            [
              76.9016258,
              15.1265692
            ],
            [
              76.9016257,
              15.1265684
            ],
            [
              76.9016256,
              15.1265547
            ]
          ]
        ]
      },
      "properties": {
        "layer": "Road_9MAB",
        "sourceEntityHandle": "15FF5",
        "roadType": "ROAD_9MAB",
        "width": "9M",
        "label": "9M ROAD",
        "geometrySource": "DXF_EXTRACTION",
        "entityType": "LWPOLYLINE",
        "closed": true,
        "hasBulges": true
      }
    },
    {
      "type": "Feature",
      "id": "15FF6",
      "geometry": {
        "type": "Polygon",
        "coordinates": [
          [
            [
              76.9016617,
              15.1265774
            ],
            [
              76.9016624,
              15.1265773
            ],
            [
              76.901663,
              15.1265775
            ],
            [
              76.9016637,
              15.1265778
            ],
            [
              76.9016642,
              15.1265782
            ],
            [
              76.9016646,
              15.1265787
            ],
            [
              76.9016649,
              15.1265793
            ],
            [
              76.9016651,
              15.12658
            ],
            [
              76.901665,
              15.1265806
            ],
            [
              76.9016653,
              15.1266456
            ],
            [
              76.9016652,
              15.1266464
            ],
            [
              76.9016649,
              15.1266472
            ],
            [
              76.9016644,
              15.1266479
            ],
            [
              76.9016637,
              15.1266484
            ],
            [
              76.9016629,
              15.1266487
            ],
            [
              76.9016621,
              15.1266489
            ],
            [
              76.9016518,
              15.1266492
            ],
            [
              76.9016511,
              15.1266491
            ],
            [
              76.9016504,
              15.1266489
            ],
            [
              76.9016497,
              15.1266485
            ],
            [
              76.9016491,
              15.126648
            ],
            [
              76.9016487,
              15.1266474
            ],
            [
              76.9016485,
              15.1266467
            ],
            [
              76.9016484,
              15.126646
            ],
            [
              76.9016476,
              15.1265807
            ],
            [
              76.9016477,
              15.12658
            ],
            [
              76.9016479,
              15.1265793
            ],
            [
              76.9016483,
              15.1265787
            ],
            [
              76.9016488,
              15.1265781
            ],
            [
              76.9016495,
              15.1265777
            ],
            [
              76.9016502,
              15.1265775
            ],
            [
              76.9016509,
              15.1265774
            ],
            [
              76.9016617,
              15.1265774
            ]
          ]
        ]
      },
      "properties": {
        "layer": "Road_9MAB",
        "sourceEntityHandle": "15FF6",
        "roadType": "ROAD_9MAB",
        "width": "9M",
        "label": "9M ROAD",
        "geometrySource": "DXF_EXTRACTION",
        "entityType": "LWPOLYLINE",
        "closed": true,
        "hasBulges": true
      }
    },
    {
      "type": "Feature",
      "id": "15FF7",
      "geometry": {
        "type": "Polygon",
        "coordinates": [
          [
            [
              76.9017312,
              15.1265674
            ],
            [
              76.9017313,
              15.1265778
            ],
            [
              76.9017312,
              15.1265785
            ],
            [
              76.901731,
              15.1265792
            ],
            [
              76.9017306,
              15.1265798
            ],
            [
              76.90173,
              15.1265803
            ],
            [
              76.9017294,
              15.1265807
            ],
            [
              76.9017287,
              15.126581
            ],
            [
              76.9017279,
              15.1265811
            ],
            [
              76.9017098,
              15.1265811
            ],
            [
              76.901709,
              15.126581
            ],
            [
              76.9017083,
              15.1265807
            ],
            [
              76.9017077,
              15.1265804
            ],
            [
              76.9017071,
              15.1265798
            ],
            [
              76.9017067,
              15.1265792
            ],
            [
              76.9017065,
              15.1265785
            ],
            [
              76.9017064,
              15.1265778
            ],
            [
              76.9017065,
              15.1265674
            ],
            [
              76.9017066,
              15.1265666
            ],
            [
              76.901707,
              15.1265658
            ],
            [
              76.9017075,
              15.1265651
            ],
            [
              76.9017082,
              15.1265646
            ],
            [
              76.901709,
              15.1265643
            ],
            [
              76.9017099,
              15.1265642
            ],
            [
              76.9017278,
              15.1265642
            ],
            [
              76.9017287,
              15.1265643
            ],
            [
              76.9017295,
              15.1265646
            ],
            [
              76.9017302,
              15.1265651
            ],
            [
              76.9017307,
              15.1265658
            ],
            [
              76.9017311,
              15.1265666
            ],
            [
              76.9017312,
              15.1265674
            ]
          ]
        ]
      },
      "properties": {
        "layer": "Road_9MAB",
        "sourceEntityHandle": "15FF7",
        "roadType": "ROAD_9MAB",
        "width": "9M",
        "label": "9M ROAD",
        "geometrySource": "DXF_EXTRACTION",
        "entityType": "LWPOLYLINE",
        "closed": true,
        "hasBulges": true
      }
    },
    {
      "type": "Feature",
      "id": "15FF8",
      "geometry": {
        "type": "Polygon",
        "coordinates": [
          [
            [
              76.901731,
              15.1265465
            ],
            [
              76.901731,
              15.126555
            ],
            [
              76.901731,
              15.1265558
            ],
            [
              76.9017307,
              15.1265565
            ],
            [
              76.9017303,
              15.1265571
            ],
            [
              76.9017298,
              15.1265576
            ],
            [
              76.9017292,
              15.126558
            ],
            [
              76.9017284,
              15.1265583
            ],
            [
              76.9017277,
              15.1265583
            ],
            [
              76.90171,
              15.1265583
            ],
            [
              76.9017092,
              15.1265583
            ],
            [
              76.9017085,
              15.126558
            ],
            [
              76.9017079,
              15.1265576
            ],
            [
              76.9017073,
              15.1265571
            ],
            [
              76.9017069,
              15.1265565
            ],
            [
              76.9017067,
              15.1265558
            ],
            [
              76.9017066,
              15.1265551
            ],
            [
              76.9017067,
              15.1265466
            ],
            [
              76.9017068,
              15.1265457
            ],
            [
              76.9017071,
              15.1265449
            ],
            [
              76.9017077,
              15.1265443
            ],
            [
              76.9017084,
              15.1265438
            ],
            [
              76.9017092,
              15.1265434
            ],
            [
              76.90171,
              15.1265433
            ],
            [
              76.9017276,
              15.1265433
            ],
            [
              76.9017285,
              15.1265434
            ],
            [
              76.9017293,
              15.1265438
            ],
            [
              76.90173,
              15.1265443
            ],
            [
              76.9017305,
              15.1265449
            ],
            [
              76.9017308,
              15.1265457
            ],
            [
              76.901731,
              15.1265465
            ]
          ]
        ]
      },
      "properties": {
        "layer": "Road_9MAB",
        "sourceEntityHandle": "15FF8",
        "roadType": "ROAD_9MAB",
        "width": "9M",
        "label": "9M ROAD",
        "geometrySource": "DXF_EXTRACTION",
        "entityType": "LWPOLYLINE",
        "closed": true,
        "hasBulges": true
      }
    },
    {
      "type": "Feature",
      "id": "15FF9",
      "geometry": {
        "type": "Polygon",
        "coordinates": [
          [
            [
              76.9017305,
              15.1265025
            ],
            [
              76.9017306,
              15.1265113
            ],
            [
              76.9017305,
              15.1265122
            ],
            [
              76.9017301,
              15.126513
            ],
            [
              76.9017296,
              15.1265136
            ],
            [
              76.9017289,
              15.1265142
            ],
            [
              76.9017281,
              15.1265145
            ],
            [
              76.9017273,
              15.1265146
            ],
            [
              76.9017104,
              15.1265148
            ],
            [
              76.9017096,
              15.1265148
            ],
            [
              76.9017089,
              15.1265145
            ],
            [
              76.9017083,
              15.1265141
            ],
            [
              76.9017077,
              15.1265136
            ],
            [
              76.9017073,
              15.126513
            ],
            [
              76.9017071,
              15.1265123
            ],
            [
              76.901707,
              15.1265116
            ],
            [
              76.9017071,
              15.1265026
            ],
            [
              76.9017072,
              15.1265018
            ],
            [
              76.9017075,
              15.126501
            ],
            [
              76.901708,
              15.1265004
            ],
            [
              76.9017087,
              15.1264999
            ],
            [
              76.9017095,
              15.1264995
            ],
            [
              76.9017104,
              15.1264994
            ],
            [
              76.9017271,
              15.1264993
            ],
            [
              76.9017279,
              15.1264993
            ],
            [
              76.9017286,
              15.1264995
            ],
            [
              76.9017292,
              15.1264999
            ],
            [
              76.9017298,
              15.1265004
            ],
            [
              76.9017302,
              15.126501
            ],
            [
              76.9017304,
              15.1265017
            ],
            [
              76.9017305,
              15.1265025
            ]
          ]
        ]
      },
      "properties": {
        "layer": "Road_9MAB",
        "sourceEntityHandle": "15FF9",
        "roadType": "ROAD_9MAB",
        "width": "9M",
        "label": "9M ROAD",
        "geometrySource": "DXF_EXTRACTION",
        "entityType": "LWPOLYLINE",
        "closed": true,
        "hasBulges": true
      }
    },
    {
      "type": "Feature",
      "id": "15FFA",
      "geometry": {
        "type": "Polygon",
        "coordinates": [
          [
            [
              76.9016071,
              15.1264247
            ],
            [
              76.9016172,
              15.1264303
            ],
            [
              76.9016176,
              15.1264306
            ],
            [
              76.9016181,
              15.126431
            ],
            [
              76.9016184,
              15.1264315
            ],
            [
              76.9016186,
              15.126432
            ],
            [
              76.9016188,
              15.1264326
            ],
            [
              76.9016188,
              15.1264331
            ],
            [
              76.9016197,
              15.1265684
            ],
            [
              76.9016196,
              15.1265691
            ],
            [
              76.9016193,
              15.1265698
            ],
            [
              76.9016189,
              15.1265705
            ],
            [
              76.9016184,
              15.126571
            ],
            [
              76.9016178,
              15.1265714
            ],
            [
              76.9016171,
              15.1265716
            ],
            [
              76.9016163,
              15.1265717
            ],
            [
              76.9016065,
              15.1265717
            ],
            [
              76.9016056,
              15.1265716
            ],
            [
              76.9016048,
              15.1265713
            ],
            [
              76.9016041,
              15.1265708
            ],
            [
              76.9016036,
              15.1265701
            ],
            [
              76.9016032,
              15.1265693
            ],
            [
              76.9016031,
              15.1265685
            ],
            [
              76.9016021,
              15.1264275
            ],
            [
              76.9016022,
              15.1264268
            ],
            [
              76.9016024,
              15.1264261
            ],
            [
              76.9016029,
              15.1264254
            ],
            [
              76.9016034,
              15.1264249
            ],
            [
              76.9016041,
              15.1264245
            ],
            [
              76.9016049,
              15.1264243
            ],
            [
              76.9016056,
              15.1264243
            ],
            [
              76.9016064,
              15.1264244
            ],
            [
              76.9016071,
              15.1264247
            ]
          ]
        ]
      },
      "properties": {
        "layer": "Road_9MAB",
        "sourceEntityHandle": "15FFA",
        "roadType": "ROAD_9MAB",
        "width": "18M",
        "label": "18M ROAD",
        "geometrySource": "DXF_EXTRACTION",
        "entityType": "LWPOLYLINE",
        "closed": true,
        "hasBulges": true
      }
    },
    {
      "type": "Feature",
      "id": "15FFB",
      "geometry": {
        "type": "Polygon",
        "coordinates": [
          [
            [
              76.901675,
              15.1264471
            ],
            [
              76.901681,
              15.1264492
            ],
            [
              76.9016816,
              15.1264495
            ],
            [
              76.9016821,
              15.1264499
            ],
            [
              76.9016826,
              15.1264504
            ],
            [
              76.9016829,
              15.1264509
            ],
            [
              76.9016831,
              15.1264516
            ],
            [
              76.9016832,
              15.1264522
            ],
            [
              76.9016832,
              15.1264849
            ],
            [
              76.9016831,
              15.1264856
            ],
            [
              76.9016829,
              15.1264863
            ],
            [
              76.9016825,
              15.1264869
            ],
            [
              76.9016819,
              15.1264874
            ],
            [
              76.9016813,
              15.1264878
            ],
            [
              76.9016806,
              15.126488
            ],
            [
              76.9016798,
              15.1264881
            ],
            [
              76.901674,
              15.1264881
            ],
            [
              76.9016731,
              15.126488
            ],
            [
              76.9016723,
              15.1264876
            ],
            [
              76.9016716,
              15.1264871
            ],
            [
              76.9016711,
              15.1264864
            ],
            [
              76.9016708,
              15.1264857
            ],
            [
              76.9016707,
              15.1264848
            ],
            [
              76.9016705,
              15.1264502
            ],
            [
              76.9016706,
              15.1264494
            ],
            [
              76.9016709,
              15.1264487
            ],
            [
              76.9016713,
              15.1264481
            ],
            [
              76.9016719,
              15.1264475
            ],
            [
              76.9016726,
              15.1264472
            ],
            [
              76.9016734,
              15.126447
            ],
            [
              76.9016742,
              15.126447
            ],
            [
              76.901675,
              15.1264471
            ]
          ]
        ]
      },
      "properties": {
        "layer": "Road_9MAB",
        "sourceEntityHandle": "15FFB",
        "roadType": "ROAD_9MAB",
        "width": "9M",
        "label": "9M ROAD",
        "geometrySource": "DXF_EXTRACTION",
        "entityType": "LWPOLYLINE",
        "closed": true,
        "hasBulges": true
      }
    },
    {
      "type": "Feature",
      "id": "15FFC",
      "geometry": {
        "type": "Polygon",
        "coordinates": [
          [
            [
              76.9016741,
              15.1264939
            ],
            [
              76.9016978,
              15.1264941
            ],
            [
              76.9016985,
              15.1264942
            ],
            [
              76.9016992,
              15.1264945
            ],
            [
              76.9016998,
              15.1264949
            ],
            [
              76.9017004,
              15.1264954
            ],
            [
              76.9017008,
              15.126496
            ],
            [
              76.901701,
              15.1264967
            ],
            [
              76.9017011,
              15.1264974
            ],
            [
              76.9017004,
              15.1265778
            ],
            [
              76.9017003,
              15.1265787
            ],
            [
              76.9016999,
              15.1265795
            ],
            [
              76.9016994,
              15.1265801
            ],
            [
              76.9016987,
              15.1265806
            ],
            [
              76.9016979,
              15.126581
            ],
            [
              76.901697,
              15.1265811
            ],
            [
              76.9016744,
              15.1265811
            ],
            [
              76.9016735,
              15.126581
            ],
            [
              76.9016727,
              15.1265806
            ],
            [
              76.901672,
              15.1265801
            ],
            [
              76.9016715,
              15.1265794
            ],
            [
              76.9016712,
              15.1265787
            ],
            [
              76.9016711,
              15.1265778
            ],
            [
              76.9016707,
              15.1264972
            ],
            [
              76.9016708,
              15.1264965
            ],
            [
              76.9016711,
              15.1264958
            ],
            [
              76.9016715,
              15.1264952
            ],
            [
              76.901672,
              15.1264946
            ],
            [
              76.9016726,
              15.1264942
            ],
            [
              76.9016733,
              15.126494
            ],
            [
              76.9016741,
              15.1264939
            ]
          ]
        ]
      },
      "properties": {
        "layer": "Road_9MAB",
        "sourceEntityHandle": "15FFC",
        "roadType": "ROAD_9MAB",
        "width": "9M",
        "label": "9M ROAD",
        "geometrySource": "DXF_EXTRACTION",
        "entityType": "LWPOLYLINE",
        "closed": true,
        "hasBulges": true
      }
    },
    {
      "type": "Feature",
      "id": "15FFD",
      "geometry": {
        "type": "Polygon",
        "coordinates": [
          [
            [
              76.9016558,
              15.1264938
            ],
            [
              76.9016614,
              15.1264938
            ],
            [
              76.9016622,
              15.1264939
            ],
            [
              76.901663,
              15.1264943
            ],
            [
              76.9016637,
              15.1264948
            ],
            [
              76.9016642,
              15.1264955
            ],
            [
              76.9016646,
              15.1264962
            ],
            [
              76.9016647,
              15.1264971
            ],
            [
              76.9016649,
              15.1265422
            ],
            [
              76.9016648,
              15.1265431
            ],
            [
              76.9016644,
              15.1265439
            ],
            [
              76.9016639,
              15.1265445
            ],
            [
              76.9016632,
              15.1265451
            ],
            [
              76.9016624,
              15.1265454
            ],
            [
              76.9016615,
              15.1265455
            ],
            [
              76.9016556,
              15.1265455
            ],
            [
              76.9016548,
              15.1265454
            ],
            [
              76.9016541,
              15.1265452
            ],
            [
              76.9016535,
              15.1265448
            ],
            [
              76.9016529,
              15.1265443
            ],
            [
              76.9016525,
              15.1265437
            ],
            [
              76.9016523,
              15.126543
            ],
            [
              76.9016522,
              15.1265423
            ],
            [
              76.9016524,
              15.126497
            ],
            [
              76.9016525,
              15.1264963
            ],
            [
              76.9016527,
              15.1264956
            ],
            [
              76.9016531,
              15.126495
            ],
            [
              76.9016537,
              15.1264945
            ],
            [
              76.9016543,
              15.1264941
            ],
            [
              76.901655,
              15.1264939
            ],
            [
              76.9016558,
              15.1264938
            ]
          ]
        ]
      },
      "properties": {
        "layer": "Road_9MAB",
        "sourceEntityHandle": "15FFD",
        "roadType": "ROAD_9MAB",
        "width": "9M",
        "label": "9M ROAD",
        "geometrySource": "DXF_EXTRACTION",
        "entityType": "LWPOLYLINE",
        "closed": true,
        "hasBulges": true
      }
    },
    {
      "type": "Feature",
      "id": "15FFE",
      "geometry": {
        "type": "Polygon",
        "coordinates": [
          [
            [
              76.9016253,
              15.1264968
            ],
            [
              76.9016253,
              15.1264961
            ],
            [
              76.9016256,
              15.1264954
            ],
            [
              76.901626,
              15.1264948
            ],
            [
              76.9016265,
              15.1264942
            ],
            [
              76.9016271,
              15.1264939
            ],
            [
              76.9016278,
              15.1264936
            ],
            [
              76.9016286,
              15.1264936
            ],
            [
              76.901643,
              15.1264937
            ],
            [
              76.9016439,
              15.1264938
            ],
            [
              76.9016447,
              15.1264941
            ],
            [
              76.9016454,
              15.1264946
            ],
            [
              76.9016459,
              15.1264953
            ],
            [
              76.9016463,
              15.1264961
            ],
            [
              76.9016464,
              15.126497
            ],
            [
              76.9016462,
              15.1265423
            ],
            [
              76.9016461,
              15.1265432
            ],
            [
              76.9016457,
              15.126544
            ],
            [
              76.9016452,
              15.1265446
            ],
            [
              76.9016445,
              15.1265451
            ],
            [
              76.9016437,
              15.1265455
            ],
            [
              76.9016428,
              15.1265456
            ],
            [
              76.9016289,
              15.1265456
            ],
            [
              76.901628,
              15.1265455
            ],
            [
              76.9016272,
              15.1265452
            ],
            [
              76.9016265,
              15.1265447
            ],
            [
              76.901626,
              15.126544
            ],
            [
              76.9016256,
              15.1265432
            ],
            [
              76.9016255,
              15.1265424
            ],
            [
              76.9016253,
              15.1264968
            ]
          ]
        ]
      },
      "properties": {
        "layer": "Road_9MAB",
        "sourceEntityHandle": "15FFE",
        "roadType": "ROAD_9MAB",
        "width": "9M",
        "label": "9M ROAD",
        "geometrySource": "DXF_EXTRACTION",
        "entityType": "LWPOLYLINE",
        "closed": true,
        "hasBulges": true
      }
    },
    {
      "type": "Feature",
      "id": "1601E",
      "geometry": {
        "type": "LineString",
        "coordinates": [
          [
            76.901669,
            15.1270389
          ],
          [
            76.9016685,
            15.1270366
          ],
          [
            76.901668,
            15.1270343
          ],
          [
            76.9016675,
            15.127032
          ],
          [
            76.9016671,
            15.1270297
          ],
          [
            76.9016666,
            15.1270275
          ],
          [
            76.9016661,
            15.1270252
          ],
          [
            76.9016655,
            15.1270151
          ],
          [
            76.9016639,
            15.1270051
          ],
          [
            76.9016613,
            15.1269953
          ],
          [
            76.9016578,
            15.1269858
          ],
          [
            76.9016533,
            15.1269767
          ],
          [
            76.9016479,
            15.126968
          ]
        ]
      },
      "properties": {
        "layer": "Road_9MAB",
        "sourceEntityHandle": "1601E",
        "roadType": "ROAD_9MAB",
        "width": "9M",
        "label": "9M ROAD",
        "geometrySource": "DXF_EXTRACTION",
        "entityType": "LWPOLYLINE",
        "closed": false,
        "hasBulges": true
      }
    },
    {
      "type": "Feature",
      "id": "1603E",
      "geometry": {
        "type": "LineString",
        "coordinates": [
          [
            76.9023007,
            15.1264658
          ],
          [
            76.9022909,
            15.1264212
          ]
        ]
      },
      "properties": {
        "layer": "PROP_ROAD",
        "sourceEntityHandle": "1603E",
        "roadType": "PROP_ROAD",
        "width": "UNKNOWN",
        "label": "PROP_ROAD",
        "geometrySource": "DXF_EXTRACTION",
        "entityType": "LWPOLYLINE",
        "closed": false,
        "hasBulges": false
      }
    },
    {
      "type": "Feature",
      "id": "1603F",
      "geometry": {
        "type": "LineString",
        "coordinates": [
          [
            76.902126,
            15.1264212
          ],
          [
            76.9021279,
            15.1264898
          ],
          [
            76.9021285,
            15.1265131
          ],
          [
            76.9021292,
            15.1265416
          ],
          [
            76.9021292,
            15.1265421
          ],
          [
            76.9021294,
            15.1265426
          ],
          [
            76.9021298,
            15.126543
          ],
          [
            76.9021302,
            15.1265433
          ],
          [
            76.9021307,
            15.1265435
          ],
          [
            76.9021312,
            15.1265436
          ],
          [
            76.902302,
            15.1265436
          ]
        ]
      },
      "properties": {
        "layer": "PROP_ROAD",
        "sourceEntityHandle": "1603F",
        "roadType": "PROP_ROAD",
        "width": "UNKNOWN",
        "label": "PROP_ROAD",
        "geometrySource": "DXF_EXTRACTION",
        "entityType": "LWPOLYLINE",
        "closed": false,
        "hasBulges": true
      }
    },
    {
      "type": "Feature",
      "id": "16046",
      "geometry": {
        "type": "Polygon",
        "coordinates": [
          [
            [
              76.9022566,
              15.1269075
            ],
            [
              76.9022572,
              15.1269132
            ],
            [
              76.902258,
              15.1269188
            ],
            [
              76.902259,
              15.1269244
            ],
            [
              76.9022601,
              15.12693
            ],
            [
              76.9022614,
              15.1269355
            ],
            [
              76.9022629,
              15.126941
            ],
            [
              76.9022631,
              15.1269414
            ],
            [
              76.9022634,
              15.1269418
            ],
            [
              76.9022638,
              15.1269421
            ],
            [
              76.9022642,
              15.1269423
            ],
            [
              76.9022647,
              15.1269424
            ],
            [
              76.9022652,
              15.1269424
            ],
            [
              76.9022656,
              15.1269423
            ],
            [
              76.9022713,
              15.1269399
            ],
            [
              76.9022717,
              15.1269397
            ],
            [
              76.902272,
              15.1269395
            ],
            [
              76.9022723,
              15.1269391
            ],
            [
              76.9022724,
              15.1269388
            ],
            [
              76.9022725,
              15.1269384
            ],
            [
              76.9022725,
              15.126938
            ],
            [
              76.9022706,
              15.1269074
            ],
            [
              76.9022705,
              15.1269069
            ],
            [
              76.9022703,
              15.1269065
            ],
            [
              76.90227,
              15.1269061
            ],
            [
              76.9022696,
              15.1269058
            ],
            [
              76.9022691,
              15.1269057
            ],
            [
              76.9022686,
              15.1269056
            ],
            [
              76.9022584,
              15.1269056
            ],
            [
              76.902258,
              15.1269056
            ],
            [
              76.9022576,
              15.1269058
            ],
            [
              76.9022572,
              15.126906
            ],
            [
              76.9022569,
              15.1269063
            ],
            [
              76.9022567,
              15.1269067
            ],
            [
              76.9022566,
              15.1269071
            ],
            [
              76.9022566,
              15.1269075
            ]
          ]
        ]
      },
      "properties": {
        "layer": "Road_9MAB",
        "sourceEntityHandle": "16046",
        "roadType": "ROAD_9MAB",
        "width": "6M",
        "label": "6M ROAD",
        "geometrySource": "DXF_EXTRACTION",
        "entityType": "LWPOLYLINE",
        "closed": true,
        "hasBulges": true
      }
    },
    {
      "type": "Feature",
      "id": "1605E",
      "geometry": {
        "type": "LineString",
        "coordinates": [
          [
            76.9021267,
            15.1270389
          ],
          [
            76.9021223,
            15.1269254
          ],
          [
            76.9021194,
            15.1268032
          ],
          [
            76.9021193,
            15.1268025
          ],
          [
            76.902119,
            15.126802
          ],
          [
            76.9021187,
            15.1268015
          ],
          [
            76.9021182,
            15.126801
          ],
          [
            76.9021176,
            15.1268008
          ],
          [
            76.902117,
            15.1268006
          ],
          [
            76.9021163,
            15.1268007
          ],
          [
            76.9021157,
            15.1268008
          ],
          [
            76.9019764,
            15.1268568
          ],
          [
            76.901969,
            15.1268595
          ],
          [
            76.9019616,
            15.1268617
          ],
          [
            76.901954,
            15.1268637
          ],
          [
            76.9019463,
            15.1268653
          ],
          [
            76.9019386,
            15.1268665
          ],
          [
            76.9019309,
            15.1268674
          ],
          [
            76.9016262,
            15.1268767
          ],
          [
            76.9016246,
            15.1268769
          ],
          [
            76.9016231,
            15.1268775
          ],
          [
            76.9016218,
            15.1268784
          ],
          [
            76.9016208,
            15.1268796
          ],
          [
            76.9016201,
            15.126881
          ],
          [
            76.9016197,
            15.1268825
          ],
          [
            76.9016197,
            15.1268841
          ],
          [
            76.9016202,
            15.1268856
          ],
          [
            76.9016293,
            15.1269079
          ],
          [
            76.9016547,
            15.1269564
          ],
          [
            76.9016691,
            15.1269934
          ],
          [
            76.9016786,
            15.1270389
          ]
        ]
      },
      "properties": {
        "layer": "PROP_ROAD",
        "sourceEntityHandle": "1605E",
        "roadType": "PROP_ROAD",
        "width": "UNKNOWN",
        "label": "PROP_ROAD",
        "geometrySource": "DXF_EXTRACTION",
        "entityType": "LWPOLYLINE",
        "closed": false,
        "hasBulges": true
      }
    },
    {
      "type": "Feature",
      "id": "16060",
      "geometry": {
        "type": "Polygon",
        "coordinates": [
          [
            [
              76.9013721,
              15.1266016
            ],
            [
              76.9013713,
              15.1266017
            ],
            [
              76.9013706,
              15.126602
            ],
            [
              76.90137,
              15.1266024
            ],
            [
              76.9013695,
              15.1266029
            ],
            [
              76.9013691,
              15.1266036
            ],
            [
              76.9013689,
              15.1266043
            ],
            [
              76.9013688,
              15.126605
            ],
            [
              76.9013732,
              15.1267266
            ],
            [
              76.9013733,
              15.1267275
            ],
            [
              76.9013737,
              15.1267282
            ],
            [
              76.9013742,
              15.1267289
            ],
            [
              76.9013749,
              15.1267294
            ],
            [
              76.9013758,
              15.1267297
            ],
            [
              76.9013766,
              15.1267298
            ],
            [
              76.9015604,
              15.1267246
            ],
            [
              76.9015613,
              15.1267244
            ],
            [
              76.901562,
              15.1267241
            ],
            [
              76.9015627,
              15.1267236
            ],
            [
              76.9015632,
              15.1267229
            ],
            [
              76.9015635,
              15.1267221
            ],
            [
              76.9015637,
              15.1267213
            ],
            [
              76.9015633,
              15.1266599
            ],
            [
              76.901563,
              15.126602
            ],
            [
              76.901563,
              15.1266013
            ],
            [
              76.9015629,
              15.1266007
            ],
            [
              76.9015626,
              15.1266001
            ],
            [
              76.9015622,
              15.1265996
            ],
            [
              76.9015616,
              15.1265991
            ],
            [
              76.901561,
              15.1265989
            ],
            [
              76.9015603,
              15.1265988
            ],
            [
              76.9015596,
              15.1265988
            ],
            [
              76.9013721,
              15.1266016
            ]
          ]
        ]
      },
      "properties": {
        "layer": "PROP_ROAD",
        "sourceEntityHandle": "16060",
        "roadType": "PROP_ROAD",
        "width": "UNKNOWN",
        "label": "PROP_ROAD",
        "geometrySource": "DXF_EXTRACTION",
        "entityType": "LWPOLYLINE",
        "closed": true,
        "hasBulges": true
      }
    },
    {
      "type": "Feature",
      "id": "16061",
      "geometry": {
        "type": "LineString",
        "coordinates": [
          [
            76.9016663,
            15.1270389
          ],
          [
            76.9016575,
            15.1269967
          ],
          [
            76.9016436,
            15.1269611
          ],
          [
            76.9016345,
            15.1269431
          ],
          [
            76.9016154,
            15.1269057
          ],
          [
            76.9016154,
            15.1269057
          ],
          [
            76.9016056,
            15.1268816
          ]
        ]
      },
      "properties": {
        "layer": "PROP_ROAD",
        "sourceEntityHandle": "16061",
        "roadType": "PROP_ROAD",
        "width": "18M",
        "label": "18M ROAD",
        "geometrySource": "DXF_EXTRACTION",
        "entityType": "LWPOLYLINE",
        "closed": false,
        "hasBulges": false
      }
    },
    {
      "type": "Feature",
      "id": "16062",
      "geometry": {
        "type": "Polygon",
        "coordinates": [
          [
            [
              76.9015955,
              15.1268572
            ],
            [
              76.9015689,
              15.1267904
            ],
            [
              76.9015643,
              15.1267781
            ],
            [
              76.9015642,
              15.1267778
            ],
            [
              76.9015641,
              15.1267775
            ],
            [
              76.901564,
              15.1267772
            ],
            [
              76.901564,
              15.1267769
            ],
            [
              76.901564,
              15.1267766
            ],
            [
              76.9015639,
              15.1267763
            ],
            [
              76.9015637,
              15.1267356
            ],
            [
              76.9015636,
              15.1267349
            ],
            [
              76.9015634,
              15.1267342
            ],
            [
              76.901563,
              15.1267336
            ],
            [
              76.9015624,
              15.126733
            ],
            [
              76.9015618,
              15.1267327
            ],
            [
              76.901561,
              15.1267324
            ],
            [
              76.9015603,
              15.1267324
            ],
            [
              76.9013769,
              15.1267376
            ],
            [
              76.9013762,
              15.1267377
            ],
            [
              76.9013755,
              15.1267379
            ],
            [
              76.9013749,
              15.1267383
            ],
            [
              76.9013743,
              15.1267389
            ],
            [
              76.901374,
              15.1267395
            ],
            [
              76.9013737,
              15.1267402
            ],
            [
              76.9013737,
              15.1267409
            ],
            [
              76.9013751,
              15.126779
            ],
            [
              76.9013745,
              15.1268659
            ],
            [
              76.9013747,
              15.1268674
            ],
            [
              76.9013752,
              15.1268688
            ],
            [
              76.901376,
              15.1268701
            ],
            [
              76.9013771,
              15.1268711
            ],
            [
              76.9013785,
              15.1268719
            ],
            [
              76.9013799,
              15.1268723
            ],
            [
              76.9013815,
              15.1268725
            ],
            [
              76.9015895,
              15.1268661
            ],
            [
              76.9015911,
              15.1268659
            ],
            [
              76.9015926,
              15.1268653
            ],
            [
              76.9015939,
              15.1268644
            ],
            [
              76.9015949,
              15.1268632
            ],
            [
              76.9015956,
              15.1268618
            ],
            [
              76.901596,
              15.1268603
            ],
            [
              76.9015959,
              15.1268587
            ],
            [
              76.9015955,
              15.1268572
            ]
          ]
        ]
      },
      "properties": {
        "layer": "PROP_ROAD",
        "sourceEntityHandle": "16062",
        "roadType": "PROP_ROAD",
        "width": "UNKNOWN",
        "label": "PROP_ROAD",
        "geometrySource": "DXF_EXTRACTION",
        "entityType": "LWPOLYLINE",
        "closed": true,
        "hasBulges": true
      }
    },
    {
      "type": "Feature",
      "id": "1606A",
      "geometry": {
        "type": "LineString",
        "coordinates": [
          [
            76.9023007,
            15.1269762
          ],
          [
            76.9022988,
            15.1269771
          ],
          [
            76.902297,
            15.1269781
          ],
          [
            76.9022951,
            15.1269791
          ],
          [
            76.9022932,
            15.1269801
          ],
          [
            76.9022914,
            15.1269811
          ],
          [
            76.9022895,
            15.1269821
          ],
          [
            76.9022892,
            15.1269823
          ],
          [
            76.9022888,
            15.1269825
          ],
          [
            76.9022884,
            15.1269828
          ],
          [
            76.902288,
            15.126983
          ],
          [
            76.9022876,
            15.1269832
          ],
          [
            76.9022873,
            15.1269834
          ],
          [
            76.9022865,
            15.1269836
          ],
          [
            76.9022857,
            15.1269836
          ],
          [
            76.9022849,
            15.1269835
          ],
          [
            76.9022841,
            15.1269832
          ],
          [
            76.9022834,
            15.1269828
          ],
          [
            76.9022828,
            15.1269822
          ]
        ]
      },
      "properties": {
        "layer": "PROP_ROAD",
        "sourceEntityHandle": "1606A",
        "roadType": "PROP_ROAD",
        "width": "7.5M",
        "label": "7.5M ROAD",
        "geometrySource": "DXF_EXTRACTION",
        "entityType": "LWPOLYLINE",
        "closed": false,
        "hasBulges": true
      }
    },
    {
      "type": "Feature",
      "id": "1606B",
      "geometry": {
        "type": "LineString",
        "coordinates": [
          [
            76.9022773,
            15.1269847
          ],
          [
            76.9022775,
            15.1269855
          ],
          [
            76.9022775,
            15.1269864
          ],
          [
            76.9022773,
            15.1269873
          ],
          [
            76.9022769,
            15.1269881
          ],
          [
            76.9022764,
            15.1269888
          ],
          [
            76.9022757,
            15.1269894
          ],
          [
            76.9022743,
            15.1269901
          ],
          [
            76.9022728,
            15.1269908
          ],
          [
            76.9022714,
            15.1269916
          ],
          [
            76.9022699,
            15.1269923
          ],
          [
            76.9022684,
            15.126993
          ],
          [
            76.902267,
            15.1269937
          ],
          [
            76.9022631,
            15.1269956
          ],
          [
            76.9022593,
            15.1269976
          ],
          [
            76.9022555,
            15.1269995
          ],
          [
            76.9022517,
            15.1270016
          ],
          [
            76.9022479,
            15.1270037
          ],
          [
            76.9022442,
            15.1270058
          ],
          [
            76.9022381,
            15.1270092
          ],
          [
            76.9022319,
            15.1270126
          ],
          [
            76.9022257,
            15.1270158
          ],
          [
            76.9022194,
            15.1270189
          ],
          [
            76.902213,
            15.1270219
          ],
          [
            76.9022066,
            15.1270248
          ],
          [
            76.9022037,
            15.1270261
          ],
          [
            76.9022008,
            15.1270274
          ],
          [
            76.9021979,
            15.1270287
          ],
          [
            76.902195,
            15.1270301
          ],
          [
            76.9021921,
            15.1270315
          ],
          [
            76.9021892,
            15.1270329
          ],
          [
            76.9021829,
            15.1270363
          ],
          [
            76.9021766,
            15.1270396
          ],
          [
            76.9021702,
            15.1270428
          ],
          [
            76.9021638,
            15.1270461
          ],
          [
            76.9021574,
            15.1270493
          ],
          [
            76.902151,
            15.1270525
          ],
          [
            76.9021497,
            15.1270527
          ],
          [
            76.9021484,
            15.1270526
          ],
          [
            76.9021471,
            15.1270522
          ],
          [
            76.902146,
            15.1270514
          ],
          [
            76.9021451,
            15.1270505
          ],
          [
            76.9021445,
            15.1270493
          ]
        ]
      },
      "properties": {
        "layer": "PROP_ROAD",
        "sourceEntityHandle": "1606B",
        "roadType": "PROP_ROAD",
        "width": "UNKNOWN",
        "label": "GOWLI HATTI ROAD",
        "geometrySource": "DXF_EXTRACTION",
        "entityType": "LWPOLYLINE",
        "closed": false,
        "hasBulges": true
      }
    },
    {
      "type": "Feature",
      "id": "1606C",
      "geometry": {
        "type": "LineString",
        "coordinates": [
          [
            76.9021445,
            15.1270493
          ],
          [
            76.9021441,
            15.1270485
          ],
          [
            76.9021438,
            15.1270476
          ],
          [
            76.9021436,
            15.1270468
          ],
          [
            76.9021434,
            15.1270459
          ],
          [
            76.9021432,
            15.127045
          ],
          [
            76.902143,
            15.1270442
          ],
          [
            76.9021384,
            15.1269249
          ],
          [
            76.902135,
            15.1267829
          ],
          [
            76.902135,
            15.1267823
          ],
          [
            76.9021351,
            15.1267818
          ],
          [
            76.9021353,
            15.1267813
          ],
          [
            76.9021355,
            15.1267809
          ],
          [
            76.9021358,
            15.1267804
          ],
          [
            76.9021361,
            15.1267801
          ],
          [
            76.9022913,
            15.1266235
          ],
          [
            76.902293,
            15.1266211
          ],
          [
            76.9022946,
            15.1266186
          ],
          [
            76.9022962,
            15.1266161
          ],
          [
            76.9022978,
            15.1266136
          ],
          [
            76.9022992,
            15.1266111
          ],
          [
            76.9023007,
            15.1266085
          ]
        ]
      },
      "properties": {
        "layer": "PROP_ROAD",
        "sourceEntityHandle": "1606C",
        "roadType": "PROP_ROAD",
        "width": "UNKNOWN",
        "label": "PROP_ROAD",
        "geometrySource": "DXF_EXTRACTION",
        "entityType": "LWPOLYLINE",
        "closed": false,
        "hasBulges": true
      }
    },
    {
      "type": "Feature",
      "id": "1606E",
      "geometry": {
        "type": "LineString",
        "coordinates": [
          [
            76.9023007,
            15.1265768
          ],
          [
            76.9022985,
            15.1265838
          ],
          [
            76.9022959,
            15.1265906
          ],
          [
            76.902293,
            15.1265972
          ],
          [
            76.9022897,
            15.1266037
          ],
          [
            76.902286,
            15.12661
          ],
          [
            76.9022819,
            15.1266161
          ],
          [
            76.9021412,
            15.126758
          ],
          [
            76.9021404,
            15.1267586
          ],
          [
            76.9021395,
            15.126759
          ],
          [
            76.9021384,
            15.1267592
          ],
          [
            76.9021374,
            15.1267591
          ],
          [
            76.9021364,
            15.1267587
          ],
          [
            76.9021356,
            15.1267581
          ],
          [
            76.9021349,
            15.1267573
          ],
          [
            76.9021345,
            15.1267564
          ],
          [
            76.9021343,
            15.1267554
          ],
          [
            76.9021294,
            15.1265534
          ],
          [
            76.9021295,
            15.1265529
          ],
          [
            76.9021296,
            15.1265525
          ],
          [
            76.9021299,
            15.1265521
          ],
          [
            76.9021302,
            15.1265518
          ],
          [
            76.9021306,
            15.1265516
          ],
          [
            76.902131,
            15.1265514
          ],
          [
            76.9021315,
            15.1265514
          ],
          [
            76.9023007,
            15.1265514
          ]
        ]
      },
      "properties": {
        "layer": "PROP_ROAD",
        "sourceEntityHandle": "1606E",
        "roadType": "PROP_ROAD",
        "width": "18M",
        "label": "18M ROAD",
        "geometrySource": "DXF_EXTRACTION",
        "entityType": "LWPOLYLINE",
        "closed": false,
        "hasBulges": true
      }
    },
    {
      "type": "Feature",
      "id": "1606F",
      "geometry": {
        "type": "LineString",
        "coordinates": [
          [
            76.9023007,
            15.126994
          ],
          [
            76.9023001,
            15.1269943
          ],
          [
            76.9022996,
            15.1269946
          ],
          [
            76.902299,
            15.1269949
          ],
          [
            76.9022985,
            15.1269952
          ],
          [
            76.9022979,
            15.1269955
          ],
          [
            76.9022974,
            15.1269958
          ],
          [
            76.9022936,
            15.1269978
          ],
          [
            76.9022897,
            15.1269999
          ],
          [
            76.9022858,
            15.1270019
          ],
          [
            76.902282,
            15.1270039
          ],
          [
            76.9022781,
            15.1270058
          ],
          [
            76.9022741,
            15.1270077
          ],
          [
            76.9022704,
            15.1270095
          ],
          [
            76.9022668,
            15.1270114
          ],
          [
            76.9022631,
            15.1270133
          ],
          [
            76.9022595,
            15.1270152
          ],
          [
            76.9022559,
            15.1270172
          ],
          [
            76.9022524,
            15.1270192
          ],
          [
            76.902246,
            15.1270228
          ],
          [
            76.9022397,
            15.1270262
          ],
          [
            76.9022332,
            15.1270296
          ],
          [
            76.9022267,
            15.1270328
          ],
          [
            76.9022201,
            15.1270359
          ],
          [
            76.9022135,
            15.1270389
          ]
        ]
      },
      "properties": {
        "layer": "PROP_ROAD",
        "sourceEntityHandle": "1606F",
        "roadType": "PROP_ROAD",
        "width": "UNKNOWN",
        "label": "PROP_ROAD",
        "geometrySource": "DXF_EXTRACTION",
        "entityType": "LWPOLYLINE",
        "closed": false,
        "hasBulges": true
      }
    },
    {
      "type": "Feature",
      "id": "16071",
      "geometry": {
        "type": "LineString",
        "coordinates": [
          [
            76.9022881,
            15.1269862
          ],
          [
            76.9022881,
            15.1269862
          ],
          [
            76.9022881,
            15.1269862
          ],
          [
            76.9022881,
            15.1269862
          ],
          [
            76.9022881,
            15.1269862
          ],
          [
            76.9022881,
            15.1269862
          ],
          [
            76.9022881,
            15.1269862
          ],
          [
            76.9022881,
            15.1269862
          ],
          [
            76.9022881,
            15.1269862
          ],
          [
            76.9022881,
            15.1269862
          ],
          [
            76.9022881,
            15.1269862
          ],
          [
            76.9022881,
            15.1269862
          ],
          [
            76.9022881,
            15.1269862
          ],
          [
            76.9022881,
            15.1269862
          ],
          [
            76.9022881,
            15.1269862
          ],
          [
            76.9022881,
            15.1269862
          ],
          [
            76.9022881,
            15.1269862
          ],
          [
            76.9022881,
            15.1269862
          ],
          [
            76.9022881,
            15.1269862
          ],
          [
            76.9022881,
            15.1269862
          ],
          [
            76.9022881,
            15.1269862
          ],
          [
            76.9022881,
            15.1269862
          ],
          [
            76.9022881,
            15.1269862
          ],
          [
            76.9022881,
            15.1269862
          ],
          [
            76.9022881,
            15.1269862
          ],
          [
            76.9022881,
            15.1269862
          ],
          [
            76.9022881,
            15.1269862
          ],
          [
            76.9022881,
            15.1269862
          ],
          [
            76.9022881,
            15.1269862
          ],
          [
            76.9022881,
            15.1269862
          ],
          [
            76.9022881,
            15.1269862
          ],
          [
            76.9022881,
            15.1269862
          ],
          [
            76.9022881,
            15.1269862
          ],
          [
            76.9022881,
            15.1269862
          ],
          [
            76.9022881,
            15.1269862
          ],
          [
            76.9022881,
            15.1269862
          ],
          [
            76.9022881,
            15.1269862
          ],
          [
            76.9022881,
            15.1269862
          ],
          [
            76.9022881,
            15.1269862
          ],
          [
            76.9022881,
            15.1269862
          ],
          [
            76.9022881,
            15.1269862
          ],
          [
            76.9022881,
            15.1269862
          ],
          [
            76.9022881,
            15.1269862
          ],
          [
            76.9022881,
            15.1269862
          ],
          [
            76.9022881,
            15.1269862
          ],
          [
            76.9022881,
            15.1269862
          ],
          [
            76.9022881,
            15.1269862
          ],
          [
            76.9022881,
            15.1269862
          ],
          [
            76.9022881,
            15.1269862
          ],
          [
            76.9022881,
            15.1269862
          ],
          [
            76.9022881,
            15.1269862
          ],
          [
            76.9022881,
            15.1269862
          ],
          [
            76.9022881,
            15.1269862
          ],
          [
            76.9022881,
            15.1269862
          ],
          [
            76.9022881,
            15.1269862
          ],
          [
            76.9022881,
            15.1269862
          ],
          [
            76.9022881,
            15.1269862
          ],
          [
            76.9022881,
            15.1269862
          ],
          [
            76.9022881,
            15.1269862
          ],
          [
            76.9022881,
            15.1269862
          ],
          [
            76.9022881,
            15.1269862
          ],
          [
            76.9022881,
            15.1269862
          ],
          [
            76.9022881,
            15.1269862
          ],
          [
            76.9022881,
            15.1269863
          ],
          [
            76.9022881,
            15.1269863
          ]
        ]
      },
      "properties": {
        "layer": "Road_9MAB",
        "sourceEntityHandle": "16071",
        "roadType": "ROAD_9MAB",
        "width": "7.5M",
        "label": "7.5M ROAD",
        "geometrySource": "DXF_EXTRACTION",
        "entityType": "ARC",
        "closed": false,
        "hasBulges": false
      }
    },
    {
      "type": "Feature",
      "id": "16072",
      "geometry": {
        "type": "LineString",
        "coordinates": [
          [
            76.9022777,
            15.1269917
          ],
          [
            76.9022777,
            15.1269917
          ],
          [
            76.9022777,
            15.1269917
          ],
          [
            76.9022777,
            15.1269917
          ],
          [
            76.9022777,
            15.1269917
          ],
          [
            76.9022777,
            15.1269917
          ],
          [
            76.9022777,
            15.1269917
          ],
          [
            76.9022777,
            15.1269917
          ],
          [
            76.9022777,
            15.1269917
          ],
          [
            76.9022777,
            15.1269917
          ],
          [
            76.9022777,
            15.1269917
          ],
          [
            76.9022777,
            15.1269917
          ],
          [
            76.9022777,
            15.1269917
          ],
          [
            76.9022777,
            15.1269917
          ],
          [
            76.9022777,
            15.1269917
          ],
          [
            76.9022777,
            15.1269917
          ],
          [
            76.9022777,
            15.1269917
          ],
          [
            76.9022777,
            15.1269917
          ],
          [
            76.9022777,
            15.1269917
          ],
          [
            76.9022777,
            15.1269917
          ],
          [
            76.9022777,
            15.1269917
          ],
          [
            76.9022777,
            15.1269917
          ],
          [
            76.9022777,
            15.1269917
          ],
          [
            76.9022777,
            15.1269917
          ],
          [
            76.9022777,
            15.1269917
          ],
          [
            76.9022777,
            15.1269917
          ],
          [
            76.9022777,
            15.1269917
          ],
          [
            76.9022777,
            15.1269917
          ],
          [
            76.9022777,
            15.1269917
          ],
          [
            76.9022777,
            15.1269917
          ],
          [
            76.9022777,
            15.1269917
          ],
          [
            76.9022777,
            15.1269917
          ],
          [
            76.9022777,
            15.1269917
          ],
          [
            76.9022777,
            15.1269917
          ],
          [
            76.9022777,
            15.1269917
          ],
          [
            76.9022777,
            15.1269917
          ],
          [
            76.9022777,
            15.1269917
          ],
          [
            76.9022777,
            15.1269917
          ],
          [
            76.9022777,
            15.1269917
          ],
          [
            76.9022777,
            15.1269917
          ],
          [
            76.9022777,
            15.1269917
          ],
          [
            76.9022777,
            15.1269917
          ],
          [
            76.9022777,
            15.1269917
          ],
          [
            76.9022777,
            15.1269917
          ],
          [
            76.9022777,
            15.1269917
          ],
          [
            76.9022777,
            15.1269917
          ],
          [
            76.9022777,
            15.1269917
          ],
          [
            76.9022777,
            15.1269917
          ],
          [
            76.9022777,
            15.1269917
          ],
          [
            76.9022777,
            15.1269917
          ],
          [
            76.9022777,
            15.1269917
          ],
          [
            76.9022777,
            15.1269917
          ],
          [
            76.9022777,
            15.1269917
          ],
          [
            76.9022777,
            15.1269917
          ],
          [
            76.9022777,
            15.1269917
          ],
          [
            76.9022777,
            15.1269917
          ],
          [
            76.9022777,
            15.1269917
          ],
          [
            76.9022777,
            15.1269917
          ],
          [
            76.9022777,
            15.1269917
          ],
          [
            76.9022777,
            15.1269917
          ],
          [
            76.9022777,
            15.1269917
          ],
          [
            76.9022777,
            15.1269917
          ],
          [
            76.9022777,
            15.1269917
          ],
          [
            76.9022777,
            15.1269917
          ],
          [
            76.9022777,
            15.1269917
          ]
        ]
      },
      "properties": {
        "layer": "Road_9MAB",
        "sourceEntityHandle": "16072",
        "roadType": "ROAD_9MAB",
        "width": "7.5M",
        "label": "7.5M ROAD",
        "geometrySource": "DXF_EXTRACTION",
        "entityType": "ARC",
        "closed": false,
        "hasBulges": false
      }
    },
    {
      "type": "Feature",
      "id": "160A1",
      "geometry": {
        "type": "Polygon",
        "coordinates": [
          [
            [
              76.9021188,
              15.1267806
            ],
            [
              76.9021172,
              15.1267129
            ],
            [
              76.9021145,
              15.1265993
            ],
            [
              76.9021143,
              15.1265983
            ],
            [
              76.9021139,
              15.1265974
            ],
            [
              76.9021133,
              15.1265966
            ],
            [
              76.9021124,
              15.126596
            ],
            [
              76.9021115,
              15.1265956
            ],
            [
              76.9021105,
              15.1265955
            ],
            [
              76.901995,
              15.126595
            ],
            [
              76.9018998,
              15.1265945
            ],
            [
              76.9018984,
              15.1265947
            ],
            [
              76.9018971,
              15.1265952
            ],
            [
              76.901896,
              15.126596
            ],
            [
              76.9018951,
              15.1265971
            ],
            [
              76.9018946,
              15.1265983
            ],
            [
              76.9018944,
              15.1265997
            ],
            [
              76.9018923,
              15.1268534
            ],
            [
              76.9018923,
              15.1268542
            ],
            [
              76.9018926,
              15.1268549
            ],
            [
              76.901893,
              15.1268555
            ],
            [
              76.9018935,
              15.126856
            ],
            [
              76.9018942,
              15.1268564
            ],
            [
              76.9018949,
              15.1268567
            ],
            [
              76.9018957,
              15.1268567
            ],
            [
              76.9019301,
              15.1268557
            ],
            [
              76.9019372,
              15.1268549
            ],
            [
              76.9019443,
              15.1268537
            ],
            [
              76.9019513,
              15.1268523
            ],
            [
              76.9019583,
              15.1268505
            ],
            [
              76.9019651,
              15.1268484
            ],
            [
              76.9019718,
              15.126846
            ],
            [
              76.9021121,
              15.1267896
            ],
            [
              76.9021138,
              15.1267886
            ],
            [
              76.9021154,
              15.1267874
            ],
            [
              76.9021166,
              15.1267859
            ],
            [
              76.9021177,
              15.1267843
            ],
            [
              76.9021184,
              15.1267825
            ],
            [
              76.9021188,
              15.1267806
            ]
          ]
        ]
      },
      "properties": {
        "layer": "PROP_ROAD",
        "sourceEntityHandle": "160A1",
        "roadType": "PROP_ROAD",
        "width": "UNKNOWN",
        "label": "PROP_ROAD",
        "geometrySource": "DXF_EXTRACTION",
        "entityType": "LWPOLYLINE",
        "closed": true,
        "hasBulges": true
      }
    },
    {
      "type": "Feature",
      "id": "160A2",
      "geometry": {
        "type": "LineString",
        "coordinates": [
          [
            76.9013625,
            15.1268668
          ],
          [
            76.9013623,
            15.1268679
          ],
          [
            76.9013618,
            15.1268691
          ],
          [
            76.9013611,
            15.12687
          ],
          [
            76.9013601,
            15.1268708
          ],
          [
            76.901359,
            15.1268713
          ],
          [
            76.9013578,
            15.1268716
          ],
          [
            76.9013566,
            15.1268716
          ],
          [
            76.9012406,
            15.126868
          ]
        ]
      },
      "properties": {
        "layer": "PROP_ROAD",
        "sourceEntityHandle": "160A2",
        "roadType": "PROP_ROAD",
        "width": "UNKNOWN",
        "label": "PROP_ROAD",
        "geometrySource": "DXF_EXTRACTION",
        "entityType": "LWPOLYLINE",
        "closed": false,
        "hasBulges": true
      }
    },
    {
      "type": "Feature",
      "id": "160A3",
      "geometry": {
        "type": "LineString",
        "coordinates": [
          [
            76.9012406,
            15.1266036
          ],
          [
            76.9013533,
            15.1266019
          ],
          [
            76.9013542,
            15.126602
          ],
          [
            76.901355,
            15.1266023
          ],
          [
            76.9013557,
            15.1266028
          ],
          [
            76.9013562,
            15.1266035
          ],
          [
            76.9013566,
            15.1266042
          ],
          [
            76.9013567,
            15.1266051
          ],
          [
            76.9013609,
            15.12672
          ],
          [
            76.901363,
            15.1267809
          ],
          [
            76.9013625,
            15.1268668
          ],
          [
            76.9013625,
            15.1268668
          ]
        ]
      },
      "properties": {
        "layer": "PROP_ROAD",
        "sourceEntityHandle": "160A3",
        "roadType": "PROP_ROAD",
        "width": "UNKNOWN",
        "label": "PROP_ROAD",
        "geometrySource": "DXF_EXTRACTION",
        "entityType": "LWPOLYLINE",
        "closed": false,
        "hasBulges": true
      }
    },
    {
      "type": "Feature",
      "id": "160A9",
      "geometry": {
        "type": "Polygon",
        "coordinates": [
          [
            [
              76.9015823,
              15.1267318
            ],
            [
              76.9018757,
              15.1267234
            ],
            [
              76.901877,
              15.1267235
            ],
            [
              76.9018781,
              15.1267239
            ],
            [
              76.9018792,
              15.1267245
            ],
            [
              76.9018801,
              15.1267254
            ],
            [
              76.9018807,
              15.1267264
            ],
            [
              76.9018811,
              15.1267275
            ],
            [
              76.9018813,
              15.1267287
            ],
            [
              76.9018802,
              15.1268541
            ],
            [
              76.9018801,
              15.1268549
            ],
            [
              76.9018797,
              15.1268557
            ],
            [
              76.9018792,
              15.1268563
            ],
            [
              76.9018786,
              15.1268568
            ],
            [
              76.9018778,
              15.1268572
            ],
            [
              76.9018769,
              15.1268573
            ],
            [
              76.9016165,
              15.1268653
            ],
            [
              76.9016151,
              15.1268652
            ],
            [
              76.9016138,
              15.1268648
            ],
            [
              76.9016126,
              15.1268642
            ],
            [
              76.9016115,
              15.1268633
            ],
            [
              76.9016107,
              15.1268623
            ],
            [
              76.90161,
              15.1268611
            ],
            [
              76.9015802,
              15.1267863
            ],
            [
              76.9015762,
              15.1267758
            ],
            [
              76.9015762,
              15.1267755
            ],
            [
              76.9015761,
              15.1267753
            ],
            [
              76.9015761,
              15.1267751
            ],
            [
              76.901576,
              15.1267749
            ],
            [
              76.901576,
              15.1267747
            ],
            [
              76.901576,
              15.1267744
            ],
            [
              76.9015758,
              15.1267383
            ],
            [
              76.901576,
              15.1267366
            ],
            [
              76.9015767,
              15.1267351
            ],
            [
              76.9015777,
              15.1267337
            ],
            [
              76.901579,
              15.1267327
            ],
            [
              76.9015806,
              15.126732
            ],
            [
              76.9015823,
              15.1267318
            ]
          ]
        ]
      },
      "properties": {
        "layer": "PROP_ROAD",
        "sourceEntityHandle": "160A9",
        "roadType": "PROP_ROAD",
        "width": "UNKNOWN",
        "label": "PROP_ROAD",
        "geometrySource": "DXF_EXTRACTION",
        "entityType": "LWPOLYLINE",
        "closed": true,
        "hasBulges": true
      }
    },
    {
      "type": "Feature",
      "id": "160AA",
      "geometry": {
        "type": "LineString",
        "coordinates": [
          [
            76.9013659,
            15.1268921
          ],
          [
            76.9013927,
            15.1270389
          ]
        ]
      },
      "properties": {
        "layer": "PROP_ROAD",
        "sourceEntityHandle": "160AA",
        "roadType": "PROP_ROAD",
        "width": "18M",
        "label": "18M ROAD",
        "geometrySource": "DXF_EXTRACTION",
        "entityType": "LWPOLYLINE",
        "closed": false,
        "hasBulges": false
      }
    },
    {
      "type": "Feature",
      "id": "160AC",
      "geometry": {
        "type": "LineString",
        "coordinates": [
          [
            76.901352,
            15.1264212
          ],
          [
            76.9013563,
            15.1265869
          ],
          [
            76.9013562,
            15.1265876
          ],
          [
            76.901356,
            15.1265883
          ],
          [
            76.9013556,
            15.1265889
          ],
          [
            76.9013551,
            15.1265895
          ],
          [
            76.9013544,
            15.1265899
          ],
          [
            76.9013537,
            15.1265901
          ],
          [
            76.901353,
            15.1265902
          ],
          [
            76.9012406,
            15.1265919
          ]
        ]
      },
      "properties": {
        "layer": "PROP_ROAD",
        "sourceEntityHandle": "160AC",
        "roadType": "PROP_ROAD",
        "width": "UNKNOWN",
        "label": "PROP_ROAD",
        "geometrySource": "DXF_EXTRACTION",
        "entityType": "LWPOLYLINE",
        "closed": false,
        "hasBulges": true
      }
    },
    {
      "type": "Feature",
      "id": "160AD",
      "geometry": {
        "type": "LineString",
        "coordinates": [
          [
            76.9015592,
            15.1264212
          ],
          [
            76.9015629,
            15.1265819
          ],
          [
            76.9015627,
            15.1265832
          ],
          [
            76.9015622,
            15.1265845
          ],
          [
            76.9015614,
            15.1265855
          ],
          [
            76.9015603,
            15.1265864
          ],
          [
            76.901559,
            15.1265869
          ],
          [
            76.9015576,
            15.1265871
          ],
          [
            76.9013717,
            15.1265899
          ],
          [
            76.9013709,
            15.1265898
          ],
          [
            76.9013701,
            15.1265895
          ],
          [
            76.9013694,
            15.126589
          ],
          [
            76.9013688,
            15.1265884
          ],
          [
            76.9013685,
            15.1265876
          ],
          [
            76.9013683,
            15.1265868
          ],
          [
            76.901364,
            15.1264212
          ]
        ]
      },
      "properties": {
        "layer": "PROP_ROAD",
        "sourceEntityHandle": "160AD",
        "roadType": "PROP_ROAD",
        "width": "UNKNOWN",
        "label": "PROP_ROAD",
        "geometrySource": "DXF_EXTRACTION",
        "entityType": "LWPOLYLINE",
        "closed": false,
        "hasBulges": true
      }
    },
    {
      "type": "Feature",
      "id": "160AE",
      "geometry": {
        "type": "LineString",
        "coordinates": [
          [
            76.9015773,
            15.1266517
          ],
          [
            76.9015768,
            15.1266516
          ],
          [
            76.9015764,
            15.1266514
          ],
          [
            76.9015759,
            15.1266511
          ],
          [
            76.9015756,
            15.1266507
          ],
          [
            76.9015754,
            15.1266503
          ],
          [
            76.9015753,
            15.1266498
          ],
          [
            76.9015711,
            15.1264212
          ]
        ]
      },
      "properties": {
        "layer": "PROP_ROAD",
        "sourceEntityHandle": "160AE",
        "roadType": "PROP_ROAD",
        "width": "9M",
        "label": "9M ROAD",
        "geometrySource": "DXF_EXTRACTION",
        "entityType": "LWPOLYLINE",
        "closed": false,
        "hasBulges": true
      }
    },
    {
      "type": "Feature",
      "id": "160AF",
      "geometry": {
        "type": "LineString",
        "coordinates": [
          [
            76.9019785,
            15.1264212
          ],
          [
            76.9019772,
            15.1265799
          ],
          [
            76.9019771,
            15.1265808
          ],
          [
            76.9019767,
            15.1265815
          ],
          [
            76.9019762,
            15.1265822
          ],
          [
            76.9019755,
            15.1265827
          ],
          [
            76.9019747,
            15.126583
          ],
          [
            76.9019738,
            15.1265831
          ],
          [
            76.9018999,
            15.1265828
          ],
          [
            76.9018987,
            15.1265827
          ],
          [
            76.9018976,
            15.1265823
          ],
          [
            76.9018966,
            15.1265816
          ],
          [
            76.9018957,
            15.1265808
          ],
          [
            76.9018951,
            15.1265798
          ],
          [
            76.9018947,
            15.1265787
          ],
          [
            76.9018946,
            15.1265776
          ],
          [
            76.9018959,
            15.1264212
          ]
        ]
      },
      "properties": {
        "layer": "PROP_ROAD",
        "sourceEntityHandle": "160AF",
        "roadType": "PROP_ROAD",
        "width": "18M",
        "label": "18M ROAD",
        "geometrySource": "DXF_EXTRACTION",
        "entityType": "LWPOLYLINE",
        "closed": false,
        "hasBulges": true
      }
    },
    {
      "type": "Feature",
      "id": "160B0",
      "geometry": {
        "type": "LineString",
        "coordinates": [
          [
            76.9021099,
            15.1264212
          ],
          [
            76.9021118,
            15.1264902
          ],
          [
            76.902114,
            15.1265798
          ],
          [
            76.9021139,
            15.1265807
          ],
          [
            76.9021136,
            15.1265815
          ],
          [
            76.9021132,
            15.1265823
          ],
          [
            76.9021125,
            15.1265829
          ],
          [
            76.9021117,
            15.1265834
          ],
          [
            76.9021109,
            15.1265837
          ],
          [
            76.90211,
            15.1265838
          ],
          [
            76.9019886,
            15.1265832
          ],
          [
            76.9019878,
            15.1265831
          ],
          [
            76.9019871,
            15.1265829
          ],
          [
            76.9019865,
            15.1265825
          ],
          [
            76.9019859,
            15.126582
          ],
          [
            76.9019855,
            15.1265814
          ],
          [
            76.9019853,
            15.1265807
          ],
          [
            76.9019852,
            15.1265799
          ],
          [
            76.9019866,
            15.1264212
          ]
        ]
      },
      "properties": {
        "layer": "PROP_ROAD",
        "sourceEntityHandle": "160B0",
        "roadType": "PROP_ROAD",
        "width": "UNKNOWN",
        "label": "PROP_ROAD",
        "geometrySource": "DXF_EXTRACTION",
        "entityType": "LWPOLYLINE",
        "closed": false,
        "hasBulges": true
      }
    },
    {
      "type": "Feature",
      "id": "160B1",
      "geometry": {
        "type": "LineString",
        "coordinates": [
          [
            76.9013659,
            15.1268921
          ],
          [
            76.9013659,
            15.1268904
          ],
          [
            76.9013655,
            15.1268886
          ],
          [
            76.9013647,
            15.126887
          ],
          [
            76.9013635,
            15.1268856
          ],
          [
            76.9013621,
            15.1268845
          ],
          [
            76.9013604,
            15.1268837
          ],
          [
            76.9013586,
            15.1268834
          ],
          [
            76.9012406,
            15.1268797
          ]
        ]
      },
      "properties": {
        "layer": "PROP_ROAD",
        "sourceEntityHandle": "160B1",
        "roadType": "PROP_ROAD",
        "width": "UNKNOWN",
        "label": "PROP_ROAD",
        "geometrySource": "DXF_EXTRACTION",
        "entityType": "LWPOLYLINE",
        "closed": false,
        "hasBulges": true
      }
    },
    {
      "type": "Feature",
      "id": "160B8",
      "geometry": {
        "type": "Polygon",
        "coordinates": [
          [
            [
              76.9016992,
              15.1264554
            ],
            [
              76.9016998,
              15.1264557
            ],
            [
              76.9017004,
              15.1264561
            ],
            [
              76.9017008,
              15.1264566
            ],
            [
              76.9017011,
              15.1264572
            ],
            [
              76.9017014,
              15.1264578
            ],
            [
              76.9017014,
              15.1264585
            ],
            [
              76.9017012,
              15.126485
            ],
            [
              76.9017011,
              15.1264858
            ],
            [
              76.9017008,
              15.1264864
            ],
            [
              76.9017004,
              15.1264871
            ],
            [
              76.9016999,
              15.1264876
            ],
            [
              76.9016993,
              15.126488
            ],
            [
              76.9016986,
              15.1264882
            ],
            [
              76.9016978,
              15.1264883
            ],
            [
              76.9016926,
              15.1264882
            ],
            [
              76.9016917,
              15.1264881
            ],
            [
              76.9016909,
              15.1264878
            ],
            [
              76.9016902,
              15.1264873
            ],
            [
              76.9016897,
              15.1264866
            ],
            [
              76.9016894,
              15.1264858
            ],
            [
              76.9016892,
              15.126485
            ],
            [
              76.9016892,
              15.1264566
            ],
            [
              76.9016893,
              15.1264558
            ],
            [
              76.9016896,
              15.1264551
            ],
            [
              76.9016901,
              15.1264545
            ],
            [
              76.9016907,
              15.1264539
            ],
            [
              76.9016914,
              15.1264536
            ],
            [
              76.9016921,
              15.1264534
            ],
            [
              76.9016929,
              15.1264534
            ],
            [
              76.9016937,
              15.1264535
            ],
            [
              76.9016992,
              15.1264554
            ]
          ]
        ]
      },
      "properties": {
        "layer": "Road_9MAB",
        "sourceEntityHandle": "160B8",
        "roadType": "ROAD_9MAB",
        "width": "9M",
        "label": "9M ROAD",
        "geometrySource": "DXF_EXTRACTION",
        "entityType": "LWPOLYLINE",
        "closed": true,
        "hasBulges": true
      }
    },
    {
      "type": "Feature",
      "id": "17A33",
      "geometry": {
        "type": "LineString",
        "coordinates": [
          [
            76.9018839,
            15.1264212
          ],
          [
            76.9018814,
            15.1267104
          ],
          [
            76.9018812,
            15.1267118
          ],
          [
            76.9018807,
            15.126713
          ],
          [
            76.9018799,
            15.126714
          ],
          [
            76.9018788,
            15.1267149
          ],
          [
            76.9018776,
            15.1267154
          ],
          [
            76.9018762,
            15.1267156
          ],
          [
            76.9015826,
            15.1267239
          ],
          [
            76.9015811,
            15.1267238
          ],
          [
            76.9015796,
            15.1267233
          ],
          [
            76.9015783,
            15.1267226
          ],
          [
            76.9015772,
            15.1267216
          ],
          [
            76.9015764,
            15.1267203
          ],
          [
            76.9015759,
            15.1267189
          ],
          [
            76.9015757,
            15.1267175
          ],
          [
            76.9015756,
            15.1266965
          ],
          [
            76.9015754,
            15.1266595
          ],
          [
            76.9015755,
            15.126659
          ],
          [
            76.9015758,
            15.1266586
          ],
          [
            76.9015761,
            15.1266582
          ],
          [
            76.9015765,
            15.1266579
          ],
          [
            76.901577,
            15.1266576
          ],
          [
            76.9015776,
            15.1266575
          ]
        ]
      },
      "properties": {
        "layer": "PROP_ROAD",
        "sourceEntityHandle": "17A33",
        "roadType": "PROP_ROAD",
        "width": "9M",
        "label": "9M ROAD",
        "geometrySource": "DXF_EXTRACTION",
        "entityType": "LWPOLYLINE",
        "closed": false,
        "hasBulges": true
      }
    }
  ]
}