{
  "type": "FeatureCollection",
  "name": "GVK_Enclave_318_Plots",
  "crs": {
    "type": "name",
    "properties": {
      "name": "urn:ogc:def:crs:OGC:1.3:CRS84"
    }
  },
  "features": [
    {
      "type": "Feature",
      "id": 1,
      "geometry": {
        "type": "Polygon",
        "coordinates": [
          [
            [
              76.9012861,
              15.1280021
            ],
            [
              76.9013978,
              15.1280021
            ],
            [
              76.9013978,
              15.128116
            ],
            [
              76.9012861,
              15.128116
            ],
            [
              76.9012861,
              15.1280021
            ]
          ]
        ]
      },
      "properties": {
        "plotNumber": 1,
        "block": "Block F",
        "areaSqM": 151.2,
        "areaSqFt": 1627.5,
        "frontageM": 12,
        "depthM": 12.6,
        "dimensions": "12m x 12.6m",
        "centroidCad": [
          26814.07,
          1684.63
        ],
        "centroidWgs84": [
          76.901342,
          15.128059
        ],
        "sourceHandle": "15E40",
        "geometrySource": "CAD-DXF-EXTRACT-NUMBER-LAYER",
        "status": "UNKNOWN"
      }
    },
    {
      "type": "Feature",
      "id": 2,
      "geometry": {
        "type": "Polygon",
        "coordinates": [
          [
            [
              76.9012861,
              15.1279207
            ],
            [
              76.9013978,
              15.1279207
            ],
            [
              76.9013978,
              15.1280021
            ],
            [
              76.9012861,
              15.1280021
            ],
            [
              76.9012861,
              15.1279207
            ]
          ]
        ]
      },
      "properties": {
        "plotNumber": 2,
        "block": "Block F",
        "areaSqM": 108,
        "areaSqFt": 1162.5,
        "frontageM": 12,
        "depthM": 9,
        "dimensions": "12m x 9m",
        "centroidCad": [
          26814.07,
          1673.83
        ],
        "centroidWgs84": [
          76.901342,
          15.1279614
        ],
        "sourceHandle": "15E41",
        "geometrySource": "CAD-DXF-EXTRACT-NUMBER-LAYER",
        "status": "UNKNOWN"
      }
    },
    {
      "type": "Feature",
      "id": 3,
      "geometry": {
        "type": "Polygon",
        "coordinates": [
          [
            [
              76.9012861,
              15.1278393
            ],
            [
              76.9013978,
              15.1278393
            ],
            [
              76.9013978,
              15.1279207
            ],
            [
              76.9012861,
              15.1279207
            ],
            [
              76.9012861,
              15.1278393
            ]
          ]
        ]
      },
      "properties": {
        "plotNumber": 3,
        "block": "Block F",
        "areaSqM": 108,
        "areaSqFt": 1162.5,
        "frontageM": 12,
        "depthM": 9,
        "dimensions": "12m x 9m",
        "centroidCad": [
          26814.07,
          1664.83
        ],
        "centroidWgs84": [
          76.901342,
          15.12788
        ],
        "sourceHandle": "15E42",
        "geometrySource": "CAD-DXF-EXTRACT-NUMBER-LAYER",
        "status": "UNKNOWN"
      }
    },
    {
      "type": "Feature",
      "id": 4,
      "geometry": {
        "type": "Polygon",
        "coordinates": [
          [
            [
              76.9012861,
              15.1277579
            ],
            [
              76.9013978,
              15.1277579
            ],
            [
              76.9013978,
              15.1278393
            ],
            [
              76.9012861,
              15.1278393
            ],
            [
              76.9012861,
              15.1277579
            ]
          ]
        ]
      },
      "properties": {
        "plotNumber": 4,
        "block": "Block F",
        "areaSqM": 108,
        "areaSqFt": 1162.5,
        "frontageM": 12,
        "depthM": 9,
        "dimensions": "12m x 9m",
        "centroidCad": [
          26814.07,
          1655.83
        ],
        "centroidWgs84": [
          76.901342,
          15.1277986
        ],
        "sourceHandle": "15E43",
        "geometrySource": "CAD-DXF-EXTRACT-NUMBER-LAYER",
        "status": "UNKNOWN"
      }
    },
    {
      "type": "Feature",
      "id": 5,
      "geometry": {
        "type": "Polygon",
        "coordinates": [
          [
            [
              76.9012861,
              15.1276766
            ],
            [
              76.9013978,
              15.1276766
            ],
            [
              76.9013978,
              15.1277579
            ],
            [
              76.9012861,
              15.1277579
            ],
            [
              76.9012861,
              15.1276766
            ]
          ]
        ]
      },
      "properties": {
        "plotNumber": 5,
        "block": "Block F",
        "areaSqM": 108,
        "areaSqFt": 1162.5,
        "frontageM": 12,
        "depthM": 9,
        "dimensions": "12m x 9m",
        "centroidCad": [
          26814.07,
          1646.83
        ],
        "centroidWgs84": [
          76.901342,
          15.1277172
        ],
        "sourceHandle": "15E44",
        "geometrySource": "CAD-DXF-EXTRACT-NUMBER-LAYER",
        "status": "UNKNOWN"
      }
    },
    {
      "type": "Feature",
      "id": 6,
      "geometry": {
        "type": "Polygon",
        "coordinates": [
          [
            [
              76.9012861,
              15.1275952
            ],
            [
              76.9013978,
              15.1275952
            ],
            [
              76.9013978,
              15.1276766
            ],
            [
              76.9012861,
              15.1276766
            ],
            [
              76.9012861,
              15.1275952
            ]
          ]
        ]
      },
      "properties": {
        "plotNumber": 6,
        "block": "Block F",
        "areaSqM": 108,
        "areaSqFt": 1162.5,
        "frontageM": 12,
        "depthM": 9,
        "dimensions": "12m x 9m",
        "centroidCad": [
          26814.07,
          1637.83
        ],
        "centroidWgs84": [
          76.901342,
          15.1276359
        ],
        "sourceHandle": "15E45",
        "geometrySource": "CAD-DXF-EXTRACT-NUMBER-LAYER",
        "status": "UNKNOWN"
      }
    },
    {
      "type": "Feature",
      "id": 7,
      "geometry": {
        "type": "Polygon",
        "coordinates": [
          [
            [
              76.9012861,
              15.1275138
            ],
            [
              76.9013978,
              15.1275138
            ],
            [
              76.9013978,
              15.1275952
            ],
            [
              76.9012861,
              15.1275952
            ],
            [
              76.9012861,
              15.1275138
            ]
          ]
        ]
      },
      "properties": {
        "plotNumber": 7,
        "block": "Block F",
        "areaSqM": 108,
        "areaSqFt": 1162.5,
        "frontageM": 12,
        "depthM": 9,
        "dimensions": "12m x 9m",
        "centroidCad": [
          26814.07,
          1628.83
        ],
        "centroidWgs84": [
          76.901342,
          15.1275545
        ],
        "sourceHandle": "15E46",
        "geometrySource": "CAD-DXF-EXTRACT-NUMBER-LAYER",
        "status": "UNKNOWN"
      }
    },
    {
      "type": "Feature",
      "id": 8,
      "geometry": {
        "type": "Polygon",
        "coordinates": [
          [
            [
              76.9012861,
              15.1274324
            ],
            [
              76.9013978,
              15.1274324
            ],
            [
              76.9013978,
              15.1275138
            ],
            [
              76.9012861,
              15.1275138
            ],
            [
              76.9012861,
              15.1274324
            ]
          ]
        ]
      },
      "properties": {
        "plotNumber": 8,
        "block": "Block F",
        "areaSqM": 108,
        "areaSqFt": 1162.5,
        "frontageM": 12,
        "depthM": 9,
        "dimensions": "12m x 9m",
        "centroidCad": [
          26814.07,
          1619.83
        ],
        "centroidWgs84": [
          76.901342,
          15.1274731
        ],
        "sourceHandle": "15E47",
        "geometrySource": "CAD-DXF-EXTRACT-NUMBER-LAYER",
        "status": "UNKNOWN"
      }
    },
    {
      "type": "Feature",
      "id": 9,
      "geometry": {
        "type": "Polygon",
        "coordinates": [
          [
            [
              76.9012861,
              15.1273511
            ],
            [
              76.9013978,
              15.1273511
            ],
            [
              76.9013978,
              15.1274324
            ],
            [
              76.9012861,
              15.1274324
            ],
            [
              76.9012861,
              15.1273511
            ]
          ]
        ]
      },
      "properties": {
        "plotNumber": 9,
        "block": "Block F",
        "areaSqM": 108,
        "areaSqFt": 1162.5,
        "frontageM": 12,
        "depthM": 9,
        "dimensions": "12m x 9m",
        "centroidCad": [
          26814.07,
          1610.83
        ],
        "centroidWgs84": [
          76.901342,
          15.1273917
        ],
        "sourceHandle": "15E48",
        "geometrySource": "CAD-DXF-EXTRACT-NUMBER-LAYER",
        "status": "UNKNOWN"
      }
    },
    {
      "type": "Feature",
      "id": 10,
      "geometry": {
        "type": "Polygon",
        "coordinates": [
          [
            [
              76.9012861,
              15.1272697
            ],
            [
              76.9013978,
              15.1272697
            ],
            [
              76.9013978,
              15.1273511
            ],
            [
              76.9012861,
              15.1273511
            ],
            [
              76.9012861,
              15.1272697
            ]
          ]
        ]
      },
      "properties": {
        "plotNumber": 10,
        "block": "Block F",
        "areaSqM": 108,
        "areaSqFt": 1162.5,
        "frontageM": 12,
        "depthM": 9,
        "dimensions": "12m x 9m",
        "centroidCad": [
          26814.07,
          1601.83
        ],
        "centroidWgs84": [
          76.901342,
          15.1273104
        ],
        "sourceHandle": "15E49",
        "geometrySource": "CAD-DXF-EXTRACT-NUMBER-LAYER",
        "status": "UNKNOWN"
      }
    },
    {
      "type": "Feature",
      "id": 11,
      "geometry": {
        "type": "Polygon",
        "coordinates": [
          [
            [
              76.9012861,
              15.1271883
            ],
            [
              76.9013978,
              15.1271883
            ],
            [
              76.9013978,
              15.1272697
            ],
            [
              76.9012861,
              15.1272697
            ],
            [
              76.9012861,
              15.1271883
            ]
          ]
        ]
      },
      "properties": {
        "plotNumber": 11,
        "block": "Block F",
        "areaSqM": 108,
        "areaSqFt": 1162.5,
        "frontageM": 12,
        "depthM": 9,
        "dimensions": "12m x 9m",
        "centroidCad": [
          26814.07,
          1592.83
        ],
        "centroidWgs84": [
          76.901342,
          15.127229
        ],
        "sourceHandle": "15E4A",
        "geometrySource": "CAD-DXF-EXTRACT-NUMBER-LAYER",
        "status": "UNKNOWN"
      }
    },
    {
      "type": "Feature",
      "id": 12,
      "geometry": {
        "type": "Polygon",
        "coordinates": [
          [
            [
              76.9012861,
              15.1271069
            ],
            [
              76.9013978,
              15.1271069
            ],
            [
              76.9013978,
              15.1271883
            ],
            [
              76.9012861,
              15.1271883
            ],
            [
              76.9012861,
              15.1271069
            ]
          ]
        ]
      },
      "properties": {
        "plotNumber": 12,
        "block": "Block F",
        "areaSqM": 108,
        "areaSqFt": 1162.5,
        "frontageM": 12,
        "depthM": 9,
        "dimensions": "12m x 9m",
        "centroidCad": [
          26814.07,
          1583.83
        ],
        "centroidWgs84": [
          76.901342,
          15.1271476
        ],
        "sourceHandle": "15E4B",
        "geometrySource": "CAD-DXF-EXTRACT-NUMBER-LAYER",
        "status": "UNKNOWN"
      }
    },
    {
      "type": "Feature",
      "id": 13,
      "geometry": {
        "type": "Polygon",
        "coordinates": [
          [
            [
              76.9012861,
              15.1270256
            ],
            [
              76.9013978,
              15.1270256
            ],
            [
              76.9013978,
              15.1271069
            ],
            [
              76.9012861,
              15.1271069
            ],
            [
              76.9012861,
              15.1270256
            ]
          ]
        ]
      },
      "properties": {
        "plotNumber": 13,
        "block": "Block F",
        "areaSqM": 108,
        "areaSqFt": 1162.5,
        "frontageM": 12,
        "depthM": 9,
        "dimensions": "12m x 9m",
        "centroidCad": [
          26814.07,
          1574.83
        ],
        "centroidWgs84": [
          76.901342,
          15.1270662
        ],
        "sourceHandle": "15E4C",
        "geometrySource": "CAD-DXF-EXTRACT-NUMBER-LAYER",
        "status": "UNKNOWN"
      }
    },
    {
      "type": "Feature",
      "id": 14,
      "geometry": {
        "type": "Polygon",
        "coordinates": [
          [
            [
              76.9012861,
              15.1269442
            ],
            [
              76.9013978,
              15.1269442
            ],
            [
              76.9013978,
              15.1270256
            ],
            [
              76.9012861,
              15.1270256
            ],
            [
              76.9012861,
              15.1269442
            ]
          ]
        ]
      },
      "properties": {
        "plotNumber": 14,
        "block": "Block F",
        "areaSqM": 108,
        "areaSqFt": 1162.5,
        "frontageM": 12,
        "depthM": 9,
        "dimensions": "12m x 9m",
        "centroidCad": [
          26814.07,
          1565.83
        ],
        "centroidWgs84": [
          76.901342,
          15.1269849
        ],
        "sourceHandle": "15E4D",
        "geometrySource": "CAD-DXF-EXTRACT-NUMBER-LAYER",
        "status": "UNKNOWN"
      }
    },
    {
      "type": "Feature",
      "id": 15,
      "geometry": {
        "type": "Polygon",
        "coordinates": [
          [
            [
              76.9012861,
              15.1268628
            ],
            [
              76.9013978,
              15.1268628
            ],
            [
              76.9013978,
              15.1269442
            ],
            [
              76.9012861,
              15.1269442
            ],
            [
              76.9012861,
              15.1268628
            ]
          ]
        ]
      },
      "properties": {
        "plotNumber": 15,
        "block": "Block F",
        "areaSqM": 108,
        "areaSqFt": 1162.5,
        "frontageM": 12,
        "depthM": 9,
        "dimensions": "12m x 9m",
        "centroidCad": [
          26814.07,
          1556.83
        ],
        "centroidWgs84": [
          76.901342,
          15.1269035
        ],
        "sourceHandle": "15E4E",
        "geometrySource": "CAD-DXF-EXTRACT-NUMBER-LAYER",
        "status": "UNKNOWN"
      }
    },
    {
      "type": "Feature",
      "id": 16,
      "geometry": {
        "type": "Polygon",
        "coordinates": [
          [
            [
              76.9012861,
              15.1267814
            ],
            [
              76.9013978,
              15.1267814
            ],
            [
              76.9013978,
              15.1268628
            ],
            [
              76.9012861,
              15.1268628
            ],
            [
              76.9012861,
              15.1267814
            ]
          ]
        ]
      },
      "properties": {
        "plotNumber": 16,
        "block": "Block F",
        "areaSqM": 108,
        "areaSqFt": 1162.5,
        "frontageM": 12,
        "depthM": 9,
        "dimensions": "12m x 9m",
        "centroidCad": [
          26814.07,
          1547.83
        ],
        "centroidWgs84": [
          76.901342,
          15.1268221
        ],
        "sourceHandle": "15E4F",
        "geometrySource": "CAD-DXF-EXTRACT-NUMBER-LAYER",
        "status": "UNKNOWN"
      }
    },
    {
      "type": "Feature",
      "id": 17,
      "geometry": {
        "type": "Polygon",
        "coordinates": [
          [
            [
              76.9012861,
              15.1267001
            ],
            [
              76.9013978,
              15.1267001
            ],
            [
              76.9013978,
              15.1267814
            ],
            [
              76.9012861,
              15.1267814
            ],
            [
              76.9012861,
              15.1267001
            ]
          ]
        ]
      },
      "properties": {
        "plotNumber": 17,
        "block": "Block F",
        "areaSqM": 108,
        "areaSqFt": 1162.5,
        "frontageM": 12,
        "depthM": 9,
        "dimensions": "12m x 9m",
        "centroidCad": [
          26814.07,
          1538.83
        ],
        "centroidWgs84": [
          76.901342,
          15.1267407
        ],
        "sourceHandle": "15E50",
        "geometrySource": "CAD-DXF-EXTRACT-NUMBER-LAYER",
        "status": "UNKNOWN"
      }
    },
    {
      "type": "Feature",
      "id": 18,
      "geometry": {
        "type": "Polygon",
        "coordinates": [
          [
            [
              76.9012861,
              15.1266187
            ],
            [
              76.9013978,
              15.1266187
            ],
            [
              76.9013978,
              15.1267001
            ],
            [
              76.9012861,
              15.1267001
            ],
            [
              76.9012861,
              15.1266187
            ]
          ]
        ]
      },
      "properties": {
        "plotNumber": 18,
        "block": "Block F",
        "areaSqM": 108,
        "areaSqFt": 1162.5,
        "frontageM": 12,
        "depthM": 9,
        "dimensions": "12m x 9m",
        "centroidCad": [
          26814.07,
          1529.83
        ],
        "centroidWgs84": [
          76.901342,
          15.1266594
        ],
        "sourceHandle": "15E51",
        "geometrySource": "CAD-DXF-EXTRACT-NUMBER-LAYER",
        "status": "UNKNOWN"
      }
    },
    {
      "type": "Feature",
      "id": 19,
      "geometry": {
        "type": "Polygon",
        "coordinates": [
          [
            [
              76.9012861,
              15.1265102
            ],
            [
              76.9013978,
              15.1265102
            ],
            [
              76.9013978,
              15.1266187
            ],
            [
              76.9012861,
              15.1266187
            ],
            [
              76.9012861,
              15.1265102
            ]
          ]
        ]
      },
      "properties": {
        "plotNumber": 19,
        "block": "Block F",
        "areaSqM": 144,
        "areaSqFt": 1550,
        "frontageM": 12,
        "depthM": 12,
        "dimensions": "12m x 12m",
        "centroidCad": [
          26814.07,
          1519.33
        ],
        "centroidWgs84": [
          76.901342,
          15.1265644
        ],
        "sourceHandle": "15E52",
        "geometrySource": "CAD-DXF-EXTRACT-NUMBER-LAYER",
        "status": "UNKNOWN"
      }
    },
    {
      "type": "Feature",
      "id": 20,
      "geometry": {
        "type": "Polygon",
        "coordinates": [
          [
            [
              76.9011745,
              15.1265102
            ],
            [
              76.9012861,
              15.1265102
            ],
            [
              76.9012861,
              15.1266187
            ],
            [
              76.9011745,
              15.1266187
            ],
            [
              76.9011745,
              15.1265102
            ]
          ]
        ]
      },
      "properties": {
        "plotNumber": 20,
        "block": "Block F",
        "areaSqM": 144,
        "areaSqFt": 1550,
        "frontageM": 12,
        "depthM": 12,
        "dimensions": "12m x 12m",
        "centroidCad": [
          26802.07,
          1519.33
        ],
        "centroidWgs84": [
          76.9012303,
          15.1265644
        ],
        "sourceHandle": "15E65",
        "geometrySource": "CAD-DXF-EXTRACT-NUMBER-LAYER",
        "status": "UNKNOWN"
      }
    },
    {
      "type": "Feature",
      "id": 21,
      "geometry": {
        "type": "Polygon",
        "coordinates": [
          [
            [
              76.9011745,
              15.1266187
            ],
            [
              76.9012861,
              15.1266187
            ],
            [
              76.9012861,
              15.1267001
            ],
            [
              76.9011745,
              15.1267001
            ],
            [
              76.9011745,
              15.1266187
            ]
          ]
        ]
      },
      "properties": {
        "plotNumber": 21,
        "block": "Block F",
        "areaSqM": 108,
        "areaSqFt": 1162.5,
        "frontageM": 12,
        "depthM": 9,
        "dimensions": "12m x 9m",
        "centroidCad": [
          26802.07,
          1529.83
        ],
        "centroidWgs84": [
          76.9012303,
          15.1266594
        ],
        "sourceHandle": "15E64",
        "geometrySource": "CAD-DXF-EXTRACT-NUMBER-LAYER",
        "status": "UNKNOWN"
      }
    },
    {
      "type": "Feature",
      "id": 22,
      "geometry": {
        "type": "Polygon",
        "coordinates": [
          [
            [
              76.9011745,
              15.1267001
            ],
            [
              76.9012861,
              15.1267001
            ],
            [
              76.9012861,
              15.1267814
            ],
            [
              76.9011745,
              15.1267814
            ],
            [
              76.9011745,
              15.1267001
            ]
          ]
        ]
      },
      "properties": {
        "plotNumber": 22,
        "block": "Block F",
        "areaSqM": 108,
        "areaSqFt": 1162.5,
        "frontageM": 12,
        "depthM": 9,
        "dimensions": "12m x 9m",
        "centroidCad": [
          26802.07,
          1538.83
        ],
        "centroidWgs84": [
          76.9012303,
          15.1267407
        ],
        "sourceHandle": "15E63",
        "geometrySource": "CAD-DXF-EXTRACT-NUMBER-LAYER",
        "status": "UNKNOWN"
      }
    },
    {
      "type": "Feature",
      "id": 23,
      "geometry": {
        "type": "Polygon",
        "coordinates": [
          [
            [
              76.9011745,
              15.1267814
            ],
            [
              76.9012861,
              15.1267814
            ],
            [
              76.9012861,
              15.1268628
            ],
            [
              76.9011745,
              15.1268628
            ],
            [
              76.9011745,
              15.1267814
            ]
          ]
        ]
      },
      "properties": {
        "plotNumber": 23,
        "block": "Block F",
        "areaSqM": 108,
        "areaSqFt": 1162.5,
        "frontageM": 12,
        "depthM": 9,
        "dimensions": "12m x 9m",
        "centroidCad": [
          26802.07,
          1547.83
        ],
        "centroidWgs84": [
          76.9012303,
          15.1268221
        ],
        "sourceHandle": "15E62",
        "geometrySource": "CAD-DXF-EXTRACT-NUMBER-LAYER",
        "status": "UNKNOWN"
      }
    },
    {
      "type": "Feature",
      "id": 24,
      "geometry": {
        "type": "Polygon",
        "coordinates": [
          [
            [
              76.9011745,
              15.1268628
            ],
            [
              76.9012861,
              15.1268628
            ],
            [
              76.9012861,
              15.1269442
            ],
            [
              76.9011745,
              15.1269442
            ],
            [
              76.9011745,
              15.1268628
            ]
          ]
        ]
      },
      "properties": {
        "plotNumber": 24,
        "block": "Block F",
        "areaSqM": 108,
        "areaSqFt": 1162.5,
        "frontageM": 12,
        "depthM": 9,
        "dimensions": "12m x 9m",
        "centroidCad": [
          26802.07,
          1556.83
        ],
        "centroidWgs84": [
          76.9012303,
          15.1269035
        ],
        "sourceHandle": "15E61",
        "geometrySource": "CAD-DXF-EXTRACT-NUMBER-LAYER",
        "status": "UNKNOWN"
      }
    },
    {
      "type": "Feature",
      "id": 25,
      "geometry": {
        "type": "Polygon",
        "coordinates": [
          [
            [
              76.9011745,
              15.1269442
            ],
            [
              76.9012861,
              15.1269442
            ],
            [
              76.9012861,
              15.1270256
            ],
            [
              76.9011745,
              15.1270256
            ],
            [
              76.9011745,
              15.1269442
            ]
          ]
        ]
      },
      "properties": {
        "plotNumber": 25,
        "block": "Block F",
        "areaSqM": 108,
        "areaSqFt": 1162.5,
        "frontageM": 12,
        "depthM": 9,
        "dimensions": "12m x 9m",
        "centroidCad": [
          26802.07,
          1565.83
        ],
        "centroidWgs84": [
          76.9012303,
          15.1269849
        ],
        "sourceHandle": "15E60",
        "geometrySource": "CAD-DXF-EXTRACT-NUMBER-LAYER",
        "status": "UNKNOWN"
      }
    },
    {
      "type": "Feature",
      "id": 26,
      "geometry": {
        "type": "Polygon",
        "coordinates": [
          [
            [
              76.9011745,
              15.1270256
            ],
            [
              76.9012861,
              15.1270256
            ],
            [
              76.9012861,
              15.1271069
            ],
            [
              76.9011745,
              15.1271069
            ],
            [
              76.9011745,
              15.1270256
            ]
          ]
        ]
      },
      "properties": {
        "plotNumber": 26,
        "block": "Block F",
        "areaSqM": 108,
        "areaSqFt": 1162.5,
        "frontageM": 12,
        "depthM": 9,
        "dimensions": "12m x 9m",
        "centroidCad": [
          26802.07,
          1574.83
        ],
        "centroidWgs84": [
          76.9012303,
          15.1270662
        ],
        "sourceHandle": "15E5F",
        "geometrySource": "CAD-DXF-EXTRACT-NUMBER-LAYER",
        "status": "UNKNOWN"
      }
    },
    {
      "type": "Feature",
      "id": 27,
      "geometry": {
        "type": "Polygon",
        "coordinates": [
          [
            [
              76.9011745,
              15.1271069
            ],
            [
              76.9012861,
              15.1271069
            ],
            [
              76.9012861,
              15.1271883
            ],
            [
              76.9011745,
              15.1271883
            ],
            [
              76.9011745,
              15.1271069
            ]
          ]
        ]
      },
      "properties": {
        "plotNumber": 27,
        "block": "Block F",
        "areaSqM": 108,
        "areaSqFt": 1162.5,
        "frontageM": 12,
        "depthM": 9,
        "dimensions": "12m x 9m",
        "centroidCad": [
          26802.07,
          1583.83
        ],
        "centroidWgs84": [
          76.9012303,
          15.1271476
        ],
        "sourceHandle": "15E5E",
        "geometrySource": "CAD-DXF-EXTRACT-NUMBER-LAYER",
        "status": "UNKNOWN"
      }
    },
    {
      "type": "Feature",
      "id": 28,
      "geometry": {
        "type": "Polygon",
        "coordinates": [
          [
            [
              76.9011745,
              15.1271883
            ],
            [
              76.9012861,
              15.1271883
            ],
            [
              76.9012861,
              15.1272697
            ],
            [
              76.9011745,
              15.1272697
            ],
            [
              76.9011745,
              15.1271883
            ]
          ]
        ]
      },
      "properties": {
        "plotNumber": 28,
        "block": "Block F",
        "areaSqM": 108,
        "areaSqFt": 1162.5,
        "frontageM": 12,
        "depthM": 9,
        "dimensions": "12m x 9m",
        "centroidCad": [
          26802.07,
          1592.83
        ],
        "centroidWgs84": [
          76.9012303,
          15.127229
        ],
        "sourceHandle": "15E5D",
        "geometrySource": "CAD-DXF-EXTRACT-NUMBER-LAYER",
        "status": "UNKNOWN"
      }
    },
    {
      "type": "Feature",
      "id": 29,
      "geometry": {
        "type": "Polygon",
        "coordinates": [
          [
            [
              76.9011745,
              15.1272697
            ],
            [
              76.9012861,
              15.1272697
            ],
            [
              76.9012861,
              15.1273511
            ],
            [
              76.9011745,
              15.1273511
            ],
            [
              76.9011745,
              15.1272697
            ]
          ]
        ]
      },
      "properties": {
        "plotNumber": 29,
        "block": "Block F",
        "areaSqM": 108,
        "areaSqFt": 1162.5,
        "frontageM": 12,
        "depthM": 9,
        "dimensions": "12m x 9m",
        "centroidCad": [
          26802.07,
          1601.83
        ],
        "centroidWgs84": [
          76.9012303,
          15.1273104
        ],
        "sourceHandle": "15E5C",
        "geometrySource": "CAD-DXF-EXTRACT-NUMBER-LAYER",
        "status": "UNKNOWN"
      }
    },
    {
      "type": "Feature",
      "id": 30,
      "geometry": {
        "type": "Polygon",
        "coordinates": [
          [
            [
              76.9011745,
              15.1273511
            ],
            [
              76.9012861,
              15.1273511
            ],
            [
              76.9012861,
              15.1274324
            ],
            [
              76.9011745,
              15.1274324
            ],
            [
              76.9011745,
              15.1273511
            ]
          ]
        ]
      },
      "properties": {
        "plotNumber": 30,
        "block": "Block F",
        "areaSqM": 108,
        "areaSqFt": 1162.5,
        "frontageM": 12,
        "depthM": 9,
        "dimensions": "12m x 9m",
        "centroidCad": [
          26802.07,
          1610.83
        ],
        "centroidWgs84": [
          76.9012303,
          15.1273917
        ],
        "sourceHandle": "15E5B",
        "geometrySource": "CAD-DXF-EXTRACT-NUMBER-LAYER",
        "status": "UNKNOWN"
      }
    },
    {
      "type": "Feature",
      "id": 31,
      "geometry": {
        "type": "Polygon",
        "coordinates": [
          [
            [
              76.9011745,
              15.1274324
            ],
            [
              76.9012861,
              15.1274324
            ],
            [
              76.9012861,
              15.1275138
            ],
            [
              76.9011745,
              15.1275138
            ],
            [
              76.9011745,
              15.1274324
            ]
          ]
        ]
      },
      "properties": {
        "plotNumber": 31,
        "block": "Block F",
        "areaSqM": 108,
        "areaSqFt": 1162.5,
        "frontageM": 12,
        "depthM": 9,
        "dimensions": "12m x 9m",
        "centroidCad": [
          26802.07,
          1619.83
        ],
        "centroidWgs84": [
          76.9012303,
          15.1274731
        ],
        "sourceHandle": "15E5A",
        "geometrySource": "CAD-DXF-EXTRACT-NUMBER-LAYER",
        "status": "UNKNOWN"
      }
    },
    {
      "type": "Feature",
      "id": 32,
      "geometry": {
        "type": "Polygon",
        "coordinates": [
          [
            [
              76.9011745,
              15.1275138
            ],
            [
              76.9012861,
              15.1275138
            ],
            [
              76.9012861,
              15.1275952
            ],
            [
              76.9011745,
              15.1275952
            ],
            [
              76.9011745,
              15.1275138
            ]
          ]
        ]
      },
      "properties": {
        "plotNumber": 32,
        "block": "Block F",
        "areaSqM": 108,
        "areaSqFt": 1162.5,
        "frontageM": 12,
        "depthM": 9,
        "dimensions": "12m x 9m",
        "centroidCad": [
          26802.07,
          1628.83
        ],
        "centroidWgs84": [
          76.9012303,
          15.1275545
        ],
        "sourceHandle": "15E59",
        "geometrySource": "CAD-DXF-EXTRACT-NUMBER-LAYER",
        "status": "UNKNOWN"
      }
    },
    {
      "type": "Feature",
      "id": 33,
      "geometry": {
        "type": "Polygon",
        "coordinates": [
          [
            [
              76.9011745,
              15.1275952
            ],
            [
              76.9012861,
              15.1275952
            ],
            [
              76.9012861,
              15.1276766
            ],
            [
              76.9011745,
              15.1276766
            ],
            [
              76.9011745,
              15.1275952
            ]
          ]
        ]
      },
      "properties": {
        "plotNumber": 33,
        "block": "Block F",
        "areaSqM": 108,
        "areaSqFt": 1162.5,
        "frontageM": 12,
        "depthM": 9,
        "dimensions": "12m x 9m",
        "centroidCad": [
          26802.07,
          1637.83
        ],
        "centroidWgs84": [
          76.9012303,
          15.1276359
        ],
        "sourceHandle": "15E58",
        "geometrySource": "CAD-DXF-EXTRACT-NUMBER-LAYER",
        "status": "UNKNOWN"
      }
    },
    {
      "type": "Feature",
      "id": 34,
      "geometry": {
        "type": "Polygon",
        "coordinates": [
          [
            [
              76.9011745,
              15.1276766
            ],
            [
              76.9012861,
              15.1276766
            ],
            [
              76.9012861,
              15.1277579
            ],
            [
              76.9011745,
              15.1277579
            ],
            [
              76.9011745,
              15.1276766
            ]
          ]
        ]
      },
      "properties": {
        "plotNumber": 34,
        "block": "Block F",
        "areaSqM": 108,
        "areaSqFt": 1162.5,
        "frontageM": 12,
        "depthM": 9,
        "dimensions": "12m x 9m",
        "centroidCad": [
          26802.07,
          1646.83
        ],
        "centroidWgs84": [
          76.9012303,
          15.1277172
        ],
        "sourceHandle": "15E57",
        "geometrySource": "CAD-DXF-EXTRACT-NUMBER-LAYER",
        "status": "UNKNOWN"
      }
    },
    {
      "type": "Feature",
      "id": 35,
      "geometry": {
        "type": "Polygon",
        "coordinates": [
          [
            [
              76.9011745,
              15.1277579
            ],
            [
              76.9012861,
              15.1277579
            ],
            [
              76.9012861,
              15.1278393
            ],
            [
              76.9011745,
              15.1278393
            ],
            [
              76.9011745,
              15.1277579
            ]
          ]
        ]
      },
      "properties": {
        "plotNumber": 35,
        "block": "Block F",
        "areaSqM": 108,
        "areaSqFt": 1162.5,
        "frontageM": 12,
        "depthM": 9,
        "dimensions": "12m x 9m",
        "centroidCad": [
          26802.07,
          1655.83
        ],
        "centroidWgs84": [
          76.9012303,
          15.1277986
        ],
        "sourceHandle": "15E56",
        "geometrySource": "CAD-DXF-EXTRACT-NUMBER-LAYER",
        "status": "UNKNOWN"
      }
    },
    {
      "type": "Feature",
      "id": 36,
      "geometry": {
        "type": "Polygon",
        "coordinates": [
          [
            [
              76.9011745,
              15.1278393
            ],
            [
              76.9012861,
              15.1278393
            ],
            [
              76.9012861,
              15.1279207
            ],
            [
              76.9011745,
              15.1279207
            ],
            [
              76.9011745,
              15.1278393
            ]
          ]
        ]
      },
      "properties": {
        "plotNumber": 36,
        "block": "Block F",
        "areaSqM": 108,
        "areaSqFt": 1162.5,
        "frontageM": 12,
        "depthM": 9,
        "dimensions": "12m x 9m",
        "centroidCad": [
          26802.07,
          1664.83
        ],
        "centroidWgs84": [
          76.9012303,
          15.12788
        ],
        "sourceHandle": "15E55",
        "geometrySource": "CAD-DXF-EXTRACT-NUMBER-LAYER",
        "status": "UNKNOWN"
      }
    },
    {
      "type": "Feature",
      "id": 37,
      "geometry": {
        "type": "Polygon",
        "coordinates": [
          [
            [
              76.9011745,
              15.1279207
            ],
            [
              76.9012861,
              15.1279207
            ],
            [
              76.9012861,
              15.1280021
            ],
            [
              76.9011745,
              15.1280021
            ],
            [
              76.9011745,
              15.1279207
            ]
          ]
        ]
      },
      "properties": {
        "plotNumber": 37,
        "block": "Block F",
        "areaSqM": 108,
        "areaSqFt": 1162.5,
        "frontageM": 12,
        "depthM": 9,
        "dimensions": "12m x 9m",
        "centroidCad": [
          26802.07,
          1673.83
        ],
        "centroidWgs84": [
          76.9012303,
          15.1279614
        ],
        "sourceHandle": "15E54",
        "geometrySource": "CAD-DXF-EXTRACT-NUMBER-LAYER",
        "status": "UNKNOWN"
      }
    },
    {
      "type": "Feature",
      "id": 38,
      "geometry": {
        "type": "Polygon",
        "coordinates": [
          [
            [
              76.9011745,
              15.1280021
            ],
            [
              76.9012861,
              15.1280021
            ],
            [
              76.9012861,
              15.128116
            ],
            [
              76.9011745,
              15.128116
            ],
            [
              76.9011745,
              15.1280021
            ]
          ]
        ]
      },
      "properties": {
        "plotNumber": 38,
        "block": "Block F",
        "areaSqM": 151.2,
        "areaSqFt": 1627.5,
        "frontageM": 12,
        "depthM": 12.6,
        "dimensions": "12m x 12.6m",
        "centroidCad": [
          26802.07,
          1684.63
        ],
        "centroidWgs84": [
          76.9012303,
          15.128059
        ],
        "sourceHandle": "15E53",
        "geometrySource": "CAD-DXF-EXTRACT-NUMBER-LAYER",
        "status": "UNKNOWN"
      }
    },
    {
      "type": "Feature",
      "id": 39,
      "geometry": {
        "type": "Polygon",
        "coordinates": [
          [
            [
              76.900979,
              15.1280021
            ],
            [
              76.9010907,
              15.1280021
            ],
            [
              76.9010907,
              15.128116
            ],
            [
              76.900979,
              15.128116
            ],
            [
              76.900979,
              15.1280021
            ]
          ]
        ]
      },
      "properties": {
        "plotNumber": 39,
        "block": "Block E",
        "areaSqM": 151.2,
        "areaSqFt": 1627.5,
        "frontageM": 12,
        "depthM": 12.6,
        "dimensions": "12m x 12.6m",
        "centroidCad": [
          26781.07,
          1684.63
        ],
        "centroidWgs84": [
          76.9010349,
          15.128059
        ],
        "sourceHandle": "15E66",
        "geometrySource": "CAD-DXF-EXTRACT-NUMBER-LAYER",
        "status": "UNKNOWN"
      }
    },
    {
      "type": "Feature",
      "id": 40,
      "geometry": {
        "type": "Polygon",
        "coordinates": [
          [
            [
              76.900979,
              15.1279207
            ],
            [
              76.9010907,
              15.1279207
            ],
            [
              76.9010907,
              15.1280021
            ],
            [
              76.900979,
              15.1280021
            ],
            [
              76.900979,
              15.1279207
            ]
          ]
        ]
      },
      "properties": {
        "plotNumber": 40,
        "block": "Block E",
        "areaSqM": 108,
        "areaSqFt": 1162.5,
        "frontageM": 12,
        "depthM": 9,
        "dimensions": "12m x 9m",
        "centroidCad": [
          26781.07,
          1673.83
        ],
        "centroidWgs84": [
          76.9010349,
          15.1279614
        ],
        "sourceHandle": "15E67",
        "geometrySource": "CAD-DXF-EXTRACT-NUMBER-LAYER",
        "status": "UNKNOWN"
      }
    },
    {
      "type": "Feature",
      "id": 41,
      "geometry": {
        "type": "Polygon",
        "coordinates": [
          [
            [
              76.900979,
              15.1278393
            ],
            [
              76.9010907,
              15.1278393
            ],
            [
              76.9010907,
              15.1279207
            ],
            [
              76.900979,
              15.1279207
            ],
            [
              76.900979,
              15.1278393
            ]
          ]
        ]
      },
      "properties": {
        "plotNumber": 41,
        "block": "Block E",
        "areaSqM": 108,
        "areaSqFt": 1162.5,
        "frontageM": 12,
        "depthM": 9,
        "dimensions": "12m x 9m",
        "centroidCad": [
          26781.07,
          1664.83
        ],
        "centroidWgs84": [
          76.9010349,
          15.12788
        ],
        "sourceHandle": "15E68",
        "geometrySource": "CAD-DXF-EXTRACT-NUMBER-LAYER",
        "status": "UNKNOWN"
      }
    },
    {
      "type": "Feature",
      "id": 42,
      "geometry": {
        "type": "Polygon",
        "coordinates": [
          [
            [
              76.900979,
              15.1277579
            ],
            [
              76.9010907,
              15.1277579
            ],
            [
              76.9010907,
              15.1278393
            ],
            [
              76.900979,
              15.1278393
            ],
            [
              76.900979,
              15.1277579
            ]
          ]
        ]
      },
      "properties": {
        "plotNumber": 42,
        "block": "Block E",
        "areaSqM": 108,
        "areaSqFt": 1162.5,
        "frontageM": 12,
        "depthM": 9,
        "dimensions": "12m x 9m",
        "centroidCad": [
          26781.07,
          1655.83
        ],
        "centroidWgs84": [
          76.9010349,
          15.1277986
        ],
        "sourceHandle": "15E69",
        "geometrySource": "CAD-DXF-EXTRACT-NUMBER-LAYER",
        "status": "UNKNOWN"
      }
    },
    {
      "type": "Feature",
      "id": 43,
      "geometry": {
        "type": "Polygon",
        "coordinates": [
          [
            [
              76.900979,
              15.1276766
            ],
            [
              76.9010907,
              15.1276766
            ],
            [
              76.9010907,
              15.1277579
            ],
            [
              76.900979,
              15.1277579
            ],
            [
              76.900979,
              15.1276766
            ]
          ]
        ]
      },
      "properties": {
        "plotNumber": 43,
        "block": "Block E",
        "areaSqM": 108,
        "areaSqFt": 1162.5,
        "frontageM": 12,
        "depthM": 9,
        "dimensions": "12m x 9m",
        "centroidCad": [
          26781.07,
          1646.83
        ],
        "centroidWgs84": [
          76.9010349,
          15.1277172
        ],
        "sourceHandle": "15E6A",
        "geometrySource": "CAD-DXF-EXTRACT-NUMBER-LAYER",
        "status": "UNKNOWN"
      }
    },
    {
      "type": "Feature",
      "id": 44,
      "geometry": {
        "type": "Polygon",
        "coordinates": [
          [
            [
              76.900979,
              15.1275952
            ],
            [
              76.9010907,
              15.1275952
            ],
            [
              76.9010907,
              15.1276766
            ],
            [
              76.900979,
              15.1276766
            ],
            [
              76.900979,
              15.1275952
            ]
          ]
        ]
      },
      "properties": {
        "plotNumber": 44,
        "block": "Block E",
        "areaSqM": 108,
        "areaSqFt": 1162.5,
        "frontageM": 12,
        "depthM": 9,
        "dimensions": "12m x 9m",
        "centroidCad": [
          26781.07,
          1637.83
        ],
        "centroidWgs84": [
          76.9010349,
          15.1276359
        ],
        "sourceHandle": "15E6B",
        "geometrySource": "CAD-DXF-EXTRACT-NUMBER-LAYER",
        "status": "UNKNOWN"
      }
    },
    {
      "type": "Feature",
      "id": 45,
      "geometry": {
        "type": "Polygon",
        "coordinates": [
          [
            [
              76.900979,
              15.1275138
            ],
            [
              76.9010907,
              15.1275138
            ],
            [
              76.9010907,
              15.1275952
            ],
            [
              76.900979,
              15.1275952
            ],
            [
              76.900979,
              15.1275138
            ]
          ]
        ]
      },
      "properties": {
        "plotNumber": 45,
        "block": "Block E",
        "areaSqM": 108,
        "areaSqFt": 1162.5,
        "frontageM": 12,
        "depthM": 9,
        "dimensions": "12m x 9m",
        "centroidCad": [
          26781.07,
          1628.83
        ],
        "centroidWgs84": [
          76.9010349,
          15.1275545
        ],
        "sourceHandle": "15E6C",
        "geometrySource": "CAD-DXF-EXTRACT-NUMBER-LAYER",
        "status": "UNKNOWN"
      }
    },
    {
      "type": "Feature",
      "id": 46,
      "geometry": {
        "type": "Polygon",
        "coordinates": [
          [
            [
              76.900979,
              15.1274324
            ],
            [
              76.9010907,
              15.1274324
            ],
            [
              76.9010907,
              15.1275138
            ],
            [
              76.900979,
              15.1275138
            ],
            [
              76.900979,
              15.1274324
            ]
          ]
        ]
      },
      "properties": {
        "plotNumber": 46,
        "block": "Block E",
        "areaSqM": 108,
        "areaSqFt": 1162.5,
        "frontageM": 12,
        "depthM": 9,
        "dimensions": "12m x 9m",
        "centroidCad": [
          26781.07,
          1619.83
        ],
        "centroidWgs84": [
          76.9010349,
          15.1274731
        ],
        "sourceHandle": "15E6D",
        "geometrySource": "CAD-DXF-EXTRACT-NUMBER-LAYER",
        "status": "UNKNOWN"
      }
    },
    {
      "type": "Feature",
      "id": 47,
      "geometry": {
        "type": "Polygon",
        "coordinates": [
          [
            [
              76.900979,
              15.1273511
            ],
            [
              76.9010907,
              15.1273511
            ],
            [
              76.9010907,
              15.1274324
            ],
            [
              76.900979,
              15.1274324
            ],
            [
              76.900979,
              15.1273511
            ]
          ]
        ]
      },
      "properties": {
        "plotNumber": 47,
        "block": "Block E",
        "areaSqM": 108,
        "areaSqFt": 1162.5,
        "frontageM": 12,
        "depthM": 9,
        "dimensions": "12m x 9m",
        "centroidCad": [
          26781.07,
          1610.83
        ],
        "centroidWgs84": [
          76.9010349,
          15.1273917
        ],
        "sourceHandle": "15E6E",
        "geometrySource": "CAD-DXF-EXTRACT-NUMBER-LAYER",
        "status": "UNKNOWN"
      }
    },
    {
      "type": "Feature",
      "id": 48,
      "geometry": {
        "type": "Polygon",
        "coordinates": [
          [
            [
              76.900979,
              15.1272697
            ],
            [
              76.9010907,
              15.1272697
            ],
            [
              76.9010907,
              15.1273511
            ],
            [
              76.900979,
              15.1273511
            ],
            [
              76.900979,
              15.1272697
            ]
          ]
        ]
      },
      "properties": {
        "plotNumber": 48,
        "block": "Block E",
        "areaSqM": 108,
        "areaSqFt": 1162.5,
        "frontageM": 12,
        "depthM": 9,
        "dimensions": "12m x 9m",
        "centroidCad": [
          26781.07,
          1601.83
        ],
        "centroidWgs84": [
          76.9010349,
          15.1273104
        ],
        "sourceHandle": "15E6F",
        "geometrySource": "CAD-DXF-EXTRACT-NUMBER-LAYER",
        "status": "UNKNOWN"
      }
    },
    {
      "type": "Feature",
      "id": 49,
      "geometry": {
        "type": "Polygon",
        "coordinates": [
          [
            [
              76.900979,
              15.1271883
            ],
            [
              76.9010907,
              15.1271883
            ],
            [
              76.9010907,
              15.1272697
            ],
            [
              76.900979,
              15.1272697
            ],
            [
              76.900979,
              15.1271883
            ]
          ]
        ]
      },
      "properties": {
        "plotNumber": 49,
        "block": "Block E",
        "areaSqM": 108,
        "areaSqFt": 1162.5,
        "frontageM": 12,
        "depthM": 9,
        "dimensions": "12m x 9m",
        "centroidCad": [
          26781.07,
          1592.83
        ],
        "centroidWgs84": [
          76.9010349,
          15.127229
        ],
        "sourceHandle": "15E70",
        "geometrySource": "CAD-DXF-EXTRACT-NUMBER-LAYER",
        "status": "UNKNOWN"
      }
    },
    {
      "type": "Feature",
      "id": 50,
      "geometry": {
        "type": "Polygon",
        "coordinates": [
          [
            [
              76.900979,
              15.1271069
            ],
            [
              76.9010907,
              15.1271069
            ],
            [
              76.9010907,
              15.1271883
            ],
            [
              76.900979,
              15.1271883
            ],
            [
              76.900979,
              15.1271069
            ]
          ]
        ]
      },
      "properties": {
        "plotNumber": 50,
        "block": "Block E",
        "areaSqM": 108,
        "areaSqFt": 1162.5,
        "frontageM": 12,
        "depthM": 9,
        "dimensions": "12m x 9m",
        "centroidCad": [
          26781.07,
          1583.83
        ],
        "centroidWgs84": [
          76.9010349,
          15.1271476
        ],
        "sourceHandle": "15E71",
        "geometrySource": "CAD-DXF-EXTRACT-NUMBER-LAYER",
        "status": "UNKNOWN"
      }
    },
    {
      "type": "Feature",
      "id": 51,
      "geometry": {
        "type": "Polygon",
        "coordinates": [
          [
            [
              76.900979,
              15.1270256
            ],
            [
              76.9010907,
              15.1270256
            ],
            [
              76.9010907,
              15.1271069
            ],
            [
              76.900979,
              15.1271069
            ],
            [
              76.900979,
              15.1270256
            ]
          ]
        ]
      },
      "properties": {
        "plotNumber": 51,
        "block": "Block E",
        "areaSqM": 108,
        "areaSqFt": 1162.5,
        "frontageM": 12,
        "depthM": 9,
        "dimensions": "12m x 9m",
        "centroidCad": [
          26781.07,
          1574.83
        ],
        "centroidWgs84": [
          76.9010349,
          15.1270662
        ],
        "sourceHandle": "15E72",
        "geometrySource": "CAD-DXF-EXTRACT-NUMBER-LAYER",
        "status": "UNKNOWN"
      }
    },
    {
      "type": "Feature",
      "id": 52,
      "geometry": {
        "type": "Polygon",
        "coordinates": [
          [
            [
              76.900979,
              15.1269442
            ],
            [
              76.9010907,
              15.1269442
            ],
            [
              76.9010907,
              15.1270256
            ],
            [
              76.900979,
              15.1270256
            ],
            [
              76.900979,
              15.1269442
            ]
          ]
        ]
      },
      "properties": {
        "plotNumber": 52,
        "block": "Block E",
        "areaSqM": 108,
        "areaSqFt": 1162.5,
        "frontageM": 12,
        "depthM": 9,
        "dimensions": "12m x 9m",
        "centroidCad": [
          26781.07,
          1565.83
        ],
        "centroidWgs84": [
          76.9010349,
          15.1269849
        ],
        "sourceHandle": "15E73",
        "geometrySource": "CAD-DXF-EXTRACT-NUMBER-LAYER",
        "status": "UNKNOWN"
      }
    },
    {
      "type": "Feature",
      "id": 53,
      "geometry": {
        "type": "Polygon",
        "coordinates": [
          [
            [
              76.900979,
              15.1268628
            ],
            [
              76.9010907,
              15.1268628
            ],
            [
              76.9010907,
              15.1269442
            ],
            [
              76.900979,
              15.1269442
            ],
            [
              76.900979,
              15.1268628
            ]
          ]
        ]
      },
      "properties": {
        "plotNumber": 53,
        "block": "Block E",
        "areaSqM": 108,
        "areaSqFt": 1162.5,
        "frontageM": 12,
        "depthM": 9,
        "dimensions": "12m x 9m",
        "centroidCad": [
          26781.07,
          1556.83
        ],
        "centroidWgs84": [
          76.9010349,
          15.1269035
        ],
        "sourceHandle": "15E74",
        "geometrySource": "CAD-DXF-EXTRACT-NUMBER-LAYER",
        "status": "UNKNOWN"
      }
    },
    {
      "type": "Feature",
      "id": 54,
      "geometry": {
        "type": "Polygon",
        "coordinates": [
          [
            [
              76.900979,
              15.1267814
            ],
            [
              76.9010907,
              15.1267814
            ],
            [
              76.9010907,
              15.1268628
            ],
            [
              76.900979,
              15.1268628
            ],
            [
              76.900979,
              15.1267814
            ]
          ]
        ]
      },
      "properties": {
        "plotNumber": 54,
        "block": "Block E",
        "areaSqM": 108,
        "areaSqFt": 1162.5,
        "frontageM": 12,
        "depthM": 9,
        "dimensions": "12m x 9m",
        "centroidCad": [
          26781.07,
          1547.83
        ],
        "centroidWgs84": [
          76.9010349,
          15.1268221
        ],
        "sourceHandle": "15E75",
        "geometrySource": "CAD-DXF-EXTRACT-NUMBER-LAYER",
        "status": "UNKNOWN"
      }
    },
    {
      "type": "Feature",
      "id": 55,
      "geometry": {
        "type": "Polygon",
        "coordinates": [
          [
            [
              76.900979,
              15.1267001
            ],
            [
              76.9010907,
              15.1267001
            ],
            [
              76.9010907,
              15.1267814
            ],
            [
              76.900979,
              15.1267814
            ],
            [
              76.900979,
              15.1267001
            ]
          ]
        ]
      },
      "properties": {
        "plotNumber": 55,
        "block": "Block E",
        "areaSqM": 108,
        "areaSqFt": 1162.5,
        "frontageM": 12,
        "depthM": 9,
        "dimensions": "12m x 9m",
        "centroidCad": [
          26781.07,
          1538.83
        ],
        "centroidWgs84": [
          76.9010349,
          15.1267407
        ],
        "sourceHandle": "15E76",
        "geometrySource": "CAD-DXF-EXTRACT-NUMBER-LAYER",
        "status": "UNKNOWN"
      }
    },
    {
      "type": "Feature",
      "id": 56,
      "geometry": {
        "type": "Polygon",
        "coordinates": [
          [
            [
              76.900979,
              15.1266187
            ],
            [
              76.9010907,
              15.1266187
            ],
            [
              76.9010907,
              15.1267001
            ],
            [
              76.900979,
              15.1267001
            ],
            [
              76.900979,
              15.1266187
            ]
          ]
        ]
      },
      "properties": {
        "plotNumber": 56,
        "block": "Block E",
        "areaSqM": 108,
        "areaSqFt": 1162.5,
        "frontageM": 12,
        "depthM": 9,
        "dimensions": "12m x 9m",
        "centroidCad": [
          26781.07,
          1529.83
        ],
        "centroidWgs84": [
          76.9010349,
          15.1266594
        ],
        "sourceHandle": "15E77",
        "geometrySource": "CAD-DXF-EXTRACT-NUMBER-LAYER",
        "status": "UNKNOWN"
      }
    },
    {
      "type": "Feature",
      "id": 57,
      "geometry": {
        "type": "Polygon",
        "coordinates": [
          [
            [
              76.900979,
              15.1265102
            ],
            [
              76.9010907,
              15.1265102
            ],
            [
              76.9010907,
              15.1266187
            ],
            [
              76.900979,
              15.1266187
            ],
            [
              76.900979,
              15.1265102
            ]
          ]
        ]
      },
      "properties": {
        "plotNumber": 57,
        "block": "Block E",
        "areaSqM": 144,
        "areaSqFt": 1550,
        "frontageM": 12,
        "depthM": 12,
        "dimensions": "12m x 12m",
        "centroidCad": [
          26781.07,
          1519.33
        ],
        "centroidWgs84": [
          76.9010349,
          15.1265644
        ],
        "sourceHandle": "15E78",
        "geometrySource": "CAD-DXF-EXTRACT-NUMBER-LAYER",
        "status": "UNKNOWN"
      }
    },
    {
      "type": "Feature",
      "id": 58,
      "geometry": {
        "type": "Polygon",
        "coordinates": [
          [
            [
              76.9008674,
              15.1265102
            ],
            [
              76.900979,
              15.1265102
            ],
            [
              76.900979,
              15.1266187
            ],
            [
              76.9008674,
              15.1266187
            ],
            [
              76.9008674,
              15.1265102
            ]
          ]
        ]
      },
      "properties": {
        "plotNumber": 58,
        "block": "Block E",
        "areaSqM": 144,
        "areaSqFt": 1550,
        "frontageM": 12,
        "depthM": 12,
        "dimensions": "12m x 12m",
        "centroidCad": [
          26769.07,
          1519.33
        ],
        "centroidWgs84": [
          76.9009232,
          15.1265644
        ],
        "sourceHandle": "15E8B",
        "geometrySource": "CAD-DXF-EXTRACT-NUMBER-LAYER",
        "status": "UNKNOWN"
      }
    },
    {
      "type": "Feature",
      "id": 59,
      "geometry": {
        "type": "Polygon",
        "coordinates": [
          [
            [
              76.9008674,
              15.1266187
            ],
            [
              76.900979,
              15.1266187
            ],
            [
              76.900979,
              15.1267001
            ],
            [
              76.9008674,
              15.1267001
            ],
            [
              76.9008674,
              15.1266187
            ]
          ]
        ]
      },
      "properties": {
        "plotNumber": 59,
        "block": "Block E",
        "areaSqM": 108,
        "areaSqFt": 1162.5,
        "frontageM": 12,
        "depthM": 9,
        "dimensions": "12m x 9m",
        "centroidCad": [
          26769.07,
          1529.83
        ],
        "centroidWgs84": [
          76.9009232,
          15.1266594
        ],
        "sourceHandle": "15E8A",
        "geometrySource": "CAD-DXF-EXTRACT-NUMBER-LAYER",
        "status": "UNKNOWN"
      }
    },
    {
      "type": "Feature",
      "id": 60,
      "geometry": {
        "type": "Polygon",
        "coordinates": [
          [
            [
              76.9008674,
              15.1267001
            ],
            [
              76.900979,
              15.1267001
            ],
            [
              76.900979,
              15.1267814
            ],
            [
              76.9008674,
              15.1267814
            ],
            [
              76.9008674,
              15.1267001
            ]
          ]
        ]
      },
      "properties": {
        "plotNumber": 60,
        "block": "Block E",
        "areaSqM": 108,
        "areaSqFt": 1162.5,
        "frontageM": 12,
        "depthM": 9,
        "dimensions": "12m x 9m",
        "centroidCad": [
          26769.07,
          1538.83
        ],
        "centroidWgs84": [
          76.9009232,
          15.1267407
        ],
        "sourceHandle": "15E89",
        "geometrySource": "CAD-DXF-EXTRACT-NUMBER-LAYER",
        "status": "UNKNOWN"
      }
    },
    {
      "type": "Feature",
      "id": 61,
      "geometry": {
        "type": "Polygon",
        "coordinates": [
          [
            [
              76.9008674,
              15.1267814
            ],
            [
              76.900979,
              15.1267814
            ],
            [
              76.900979,
              15.1268628
            ],
            [
              76.9008674,
              15.1268628
            ],
            [
              76.9008674,
              15.1267814
            ]
          ]
        ]
      },
      "properties": {
        "plotNumber": 61,
        "block": "Block E",
        "areaSqM": 108,
        "areaSqFt": 1162.5,
        "frontageM": 12,
        "depthM": 9,
        "dimensions": "12m x 9m",
        "centroidCad": [
          26769.07,
          1547.83
        ],
        "centroidWgs84": [
          76.9009232,
          15.1268221
        ],
        "sourceHandle": "15E88",
        "geometrySource": "CAD-DXF-EXTRACT-NUMBER-LAYER",
        "status": "UNKNOWN"
      }
    },
    {
      "type": "Feature",
      "id": 62,
      "geometry": {
        "type": "Polygon",
        "coordinates": [
          [
            [
              76.9008674,
              15.1268628
            ],
            [
              76.900979,
              15.1268628
            ],
            [
              76.900979,
              15.1269442
            ],
            [
              76.9008674,
              15.1269442
            ],
            [
              76.9008674,
              15.1268628
            ]
          ]
        ]
      },
      "properties": {
        "plotNumber": 62,
        "block": "Block E",
        "areaSqM": 108,
        "areaSqFt": 1162.5,
        "frontageM": 12,
        "depthM": 9,
        "dimensions": "12m x 9m",
        "centroidCad": [
          26769.07,
          1556.83
        ],
        "centroidWgs84": [
          76.9009232,
          15.1269035
        ],
        "sourceHandle": "15E87",
        "geometrySource": "CAD-DXF-EXTRACT-NUMBER-LAYER",
        "status": "UNKNOWN"
      }
    },
    {
      "type": "Feature",
      "id": 63,
      "geometry": {
        "type": "Polygon",
        "coordinates": [
          [
            [
              76.9008674,
              15.1269442
            ],
            [
              76.900979,
              15.1269442
            ],
            [
              76.900979,
              15.1270256
            ],
            [
              76.9008674,
              15.1270256
            ],
            [
              76.9008674,
              15.1269442
            ]
          ]
        ]
      },
      "properties": {
        "plotNumber": 63,
        "block": "Block E",
        "areaSqM": 108,
        "areaSqFt": 1162.5,
        "frontageM": 12,
        "depthM": 9,
        "dimensions": "12m x 9m",
        "centroidCad": [
          26769.07,
          1565.83
        ],
        "centroidWgs84": [
          76.9009232,
          15.1269849
        ],
        "sourceHandle": "15E86",
        "geometrySource": "CAD-DXF-EXTRACT-NUMBER-LAYER",
        "status": "UNKNOWN"
      }
    },
    {
      "type": "Feature",
      "id": 64,
      "geometry": {
        "type": "Polygon",
        "coordinates": [
          [
            [
              76.9008674,
              15.1270256
            ],
            [
              76.900979,
              15.1270256
            ],
            [
              76.900979,
              15.1271069
            ],
            [
              76.9008674,
              15.1271069
            ],
            [
              76.9008674,
              15.1270256
            ]
          ]
        ]
      },
      "properties": {
        "plotNumber": 64,
        "block": "Block E",
        "areaSqM": 108,
        "areaSqFt": 1162.5,
        "frontageM": 12,
        "depthM": 9,
        "dimensions": "12m x 9m",
        "centroidCad": [
          26769.07,
          1574.83
        ],
        "centroidWgs84": [
          76.9009232,
          15.1270662
        ],
        "sourceHandle": "15E85",
        "geometrySource": "CAD-DXF-EXTRACT-NUMBER-LAYER",
        "status": "UNKNOWN"
      }
    },
    {
      "type": "Feature",
      "id": 65,
      "geometry": {
        "type": "Polygon",
        "coordinates": [
          [
            [
              76.9008674,
              15.1271069
            ],
            [
              76.900979,
              15.1271069
            ],
            [
              76.900979,
              15.1271883
            ],
            [
              76.9008674,
              15.1271883
            ],
            [
              76.9008674,
              15.1271069
            ]
          ]
        ]
      },
      "properties": {
        "plotNumber": 65,
        "block": "Block E",
        "areaSqM": 108,
        "areaSqFt": 1162.5,
        "frontageM": 12,
        "depthM": 9,
        "dimensions": "12m x 9m",
        "centroidCad": [
          26769.07,
          1583.83
        ],
        "centroidWgs84": [
          76.9009232,
          15.1271476
        ],
        "sourceHandle": "15E84",
        "geometrySource": "CAD-DXF-EXTRACT-NUMBER-LAYER",
        "status": "UNKNOWN"
      }
    },
    {
      "type": "Feature",
      "id": 66,
      "geometry": {
        "type": "Polygon",
        "coordinates": [
          [
            [
              76.9008674,
              15.1271883
            ],
            [
              76.900979,
              15.1271883
            ],
            [
              76.900979,
              15.1272697
            ],
            [
              76.9008674,
              15.1272697
            ],
            [
              76.9008674,
              15.1271883
            ]
          ]
        ]
      },
      "properties": {
        "plotNumber": 66,
        "block": "Block E",
        "areaSqM": 108,
        "areaSqFt": 1162.5,
        "frontageM": 12,
        "depthM": 9,
        "dimensions": "12m x 9m",
        "centroidCad": [
          26769.07,
          1592.83
        ],
        "centroidWgs84": [
          76.9009232,
          15.127229
        ],
        "sourceHandle": "15E83",
        "geometrySource": "CAD-DXF-EXTRACT-NUMBER-LAYER",
        "status": "UNKNOWN"
      }
    },
    {
      "type": "Feature",
      "id": 67,
      "geometry": {
        "type": "Polygon",
        "coordinates": [
          [
            [
              76.9008674,
              15.1272697
            ],
            [
              76.900979,
              15.1272697
            ],
            [
              76.900979,
              15.1273511
            ],
            [
              76.9008674,
              15.1273511
            ],
            [
              76.9008674,
              15.1272697
            ]
          ]
        ]
      },
      "properties": {
        "plotNumber": 67,
        "block": "Block E",
        "areaSqM": 108,
        "areaSqFt": 1162.5,
        "frontageM": 12,
        "depthM": 9,
        "dimensions": "12m x 9m",
        "centroidCad": [
          26769.07,
          1601.83
        ],
        "centroidWgs84": [
          76.9009232,
          15.1273104
        ],
        "sourceHandle": "15E82",
        "geometrySource": "CAD-DXF-EXTRACT-NUMBER-LAYER",
        "status": "UNKNOWN"
      }
    },
    {
      "type": "Feature",
      "id": 68,
      "geometry": {
        "type": "Polygon",
        "coordinates": [
          [
            [
              76.9008674,
              15.1273511
            ],
            [
              76.900979,
              15.1273511
            ],
            [
              76.900979,
              15.1274324
            ],
            [
              76.9008674,
              15.1274324
            ],
            [
              76.9008674,
              15.1273511
            ]
          ]
        ]
      },
      "properties": {
        "plotNumber": 68,
        "block": "Block E",
        "areaSqM": 108,
        "areaSqFt": 1162.5,
        "frontageM": 12,
        "depthM": 9,
        "dimensions": "12m x 9m",
        "centroidCad": [
          26769.07,
          1610.83
        ],
        "centroidWgs84": [
          76.9009232,
          15.1273917
        ],
        "sourceHandle": "15E81",
        "geometrySource": "CAD-DXF-EXTRACT-NUMBER-LAYER",
        "status": "UNKNOWN"
      }
    },
    {
      "type": "Feature",
      "id": 69,
      "geometry": {
        "type": "Polygon",
        "coordinates": [
          [
            [
              76.9008674,
              15.1274324
            ],
            [
              76.900979,
              15.1274324
            ],
            [
              76.900979,
              15.1275138
            ],
            [
              76.9008674,
              15.1275138
            ],
            [
              76.9008674,
              15.1274324
            ]
          ]
        ]
      },
      "properties": {
        "plotNumber": 69,
        "block": "Block E",
        "areaSqM": 108,
        "areaSqFt": 1162.5,
        "frontageM": 12,
        "depthM": 9,
        "dimensions": "12m x 9m",
        "centroidCad": [
          26769.07,
          1619.83
        ],
        "centroidWgs84": [
          76.9009232,
          15.1274731
        ],
        "sourceHandle": "15E80",
        "geometrySource": "CAD-DXF-EXTRACT-NUMBER-LAYER",
        "status": "UNKNOWN"
      }
    },
    {
      "type": "Feature",
      "id": 70,
      "geometry": {
        "type": "Polygon",
        "coordinates": [
          [
            [
              76.9008674,
              15.1275138
            ],
            [
              76.900979,
              15.1275138
            ],
            [
              76.900979,
              15.1275952
            ],
            [
              76.9008674,
              15.1275952
            ],
            [
              76.9008674,
              15.1275138
            ]
          ]
        ]
      },
      "properties": {
        "plotNumber": 70,
        "block": "Block E",
        "areaSqM": 108,
        "areaSqFt": 1162.5,
        "frontageM": 12,
        "depthM": 9,
        "dimensions": "12m x 9m",
        "centroidCad": [
          26769.07,
          1628.83
        ],
        "centroidWgs84": [
          76.9009232,
          15.1275545
        ],
        "sourceHandle": "15E7F",
        "geometrySource": "CAD-DXF-EXTRACT-NUMBER-LAYER",
        "status": "UNKNOWN"
      }
    },
    {
      "type": "Feature",
      "id": 71,
      "geometry": {
        "type": "Polygon",
        "coordinates": [
          [
            [
              76.9008674,
              15.1275952
            ],
            [
              76.900979,
              15.1275952
            ],
            [
              76.900979,
              15.1276766
            ],
            [
              76.9008674,
              15.1276766
            ],
            [
              76.9008674,
              15.1275952
            ]
          ]
        ]
      },
      "properties": {
        "plotNumber": 71,
        "block": "Block E",
        "areaSqM": 108,
        "areaSqFt": 1162.5,
        "frontageM": 12,
        "depthM": 9,
        "dimensions": "12m x 9m",
        "centroidCad": [
          26769.07,
          1637.83
        ],
        "centroidWgs84": [
          76.9009232,
          15.1276359
        ],
        "sourceHandle": "15E7E",
        "geometrySource": "CAD-DXF-EXTRACT-NUMBER-LAYER",
        "status": "UNKNOWN"
      }
    },
    {
      "type": "Feature",
      "id": 72,
      "geometry": {
        "type": "Polygon",
        "coordinates": [
          [
            [
              76.9008674,
              15.1276766
            ],
            [
              76.900979,
              15.1276766
            ],
            [
              76.900979,
              15.1277579
            ],
            [
              76.9008674,
              15.1277579
            ],
            [
              76.9008674,
              15.1276766
            ]
          ]
        ]
      },
      "properties": {
        "plotNumber": 72,
        "block": "Block E",
        "areaSqM": 108,
        "areaSqFt": 1162.5,
        "frontageM": 12,
        "depthM": 9,
        "dimensions": "12m x 9m",
        "centroidCad": [
          26769.07,
          1646.83
        ],
        "centroidWgs84": [
          76.9009232,
          15.1277172
        ],
        "sourceHandle": "15E7D",
        "geometrySource": "CAD-DXF-EXTRACT-NUMBER-LAYER",
        "status": "UNKNOWN"
      }
    },
    {
      "type": "Feature",
      "id": 73,
      "geometry": {
        "type": "Polygon",
        "coordinates": [
          [
            [
              76.9008674,
              15.1277579
            ],
            [
              76.900979,
              15.1277579
            ],
            [
              76.900979,
              15.1278393
            ],
            [
              76.9008674,
              15.1278393
            ],
            [
              76.9008674,
              15.1277579
            ]
          ]
        ]
      },
      "properties": {
        "plotNumber": 73,
        "block": "Block E",
        "areaSqM": 108,
        "areaSqFt": 1162.5,
        "frontageM": 12,
        "depthM": 9,
        "dimensions": "12m x 9m",
        "centroidCad": [
          26769.07,
          1655.83
        ],
        "centroidWgs84": [
          76.9009232,
          15.1277986
        ],
        "sourceHandle": "15E7C",
        "geometrySource": "CAD-DXF-EXTRACT-NUMBER-LAYER",
        "status": "UNKNOWN"
      }
    },
    {
      "type": "Feature",
      "id": 74,
      "geometry": {
        "type": "Polygon",
        "coordinates": [
          [
            [
              76.9008674,
              15.1278393
            ],
            [
              76.900979,
              15.1278393
            ],
            [
              76.900979,
              15.1279207
            ],
            [
              76.9008674,
              15.1279207
            ],
            [
              76.9008674,
              15.1278393
            ]
          ]
        ]
      },
      "properties": {
        "plotNumber": 74,
        "block": "Block E",
        "areaSqM": 108,
        "areaSqFt": 1162.5,
        "frontageM": 12,
        "depthM": 9,
        "dimensions": "12m x 9m",
        "centroidCad": [
          26769.07,
          1664.83
        ],
        "centroidWgs84": [
          76.9009232,
          15.12788
        ],
        "sourceHandle": "15E7B",
        "geometrySource": "CAD-DXF-EXTRACT-NUMBER-LAYER",
        "status": "UNKNOWN"
      }
    },
    {
      "type": "Feature",
      "id": 75,
      "geometry": {
        "type": "Polygon",
        "coordinates": [
          [
            [
              76.9008674,
              15.1279207
            ],
            [
              76.900979,
              15.1279207
            ],
            [
              76.900979,
              15.1280021
            ],
            [
              76.9008674,
              15.1280021
            ],
            [
              76.9008674,
              15.1279207
            ]
          ]
        ]
      },
      "properties": {
        "plotNumber": 75,
        "block": "Block E",
        "areaSqM": 108,
        "areaSqFt": 1162.5,
        "frontageM": 12,
        "depthM": 9,
        "dimensions": "12m x 9m",
        "centroidCad": [
          26769.07,
          1673.83
        ],
        "centroidWgs84": [
          76.9009232,
          15.1279614
        ],
        "sourceHandle": "15E7A",
        "geometrySource": "CAD-DXF-EXTRACT-NUMBER-LAYER",
        "status": "UNKNOWN"
      }
    },
    {
      "type": "Feature",
      "id": 76,
      "geometry": {
        "type": "Polygon",
        "coordinates": [
          [
            [
              76.9008674,
              15.1280021
            ],
            [
              76.900979,
              15.1280021
            ],
            [
              76.900979,
              15.128116
            ],
            [
              76.9008674,
              15.128116
            ],
            [
              76.9008674,
              15.1280021
            ]
          ]
        ]
      },
      "properties": {
        "plotNumber": 76,
        "block": "Block E",
        "areaSqM": 151.2,
        "areaSqFt": 1627.5,
        "frontageM": 12,
        "depthM": 12.6,
        "dimensions": "12m x 12.6m",
        "centroidCad": [
          26769.07,
          1684.63
        ],
        "centroidWgs84": [
          76.9009232,
          15.128059
        ],
        "sourceHandle": "15E79",
        "geometrySource": "CAD-DXF-EXTRACT-NUMBER-LAYER",
        "status": "UNKNOWN"
      }
    },
    {
      "type": "Feature",
      "id": 77,
      "geometry": {
        "type": "Polygon",
        "coordinates": [
          [
            [
              76.900672,
              15.1280021
            ],
            [
              76.9007836,
              15.1280021
            ],
            [
              76.9007836,
              15.128116
            ],
            [
              76.900672,
              15.128116
            ],
            [
              76.900672,
              15.1280021
            ]
          ]
        ]
      },
      "properties": {
        "plotNumber": 77,
        "block": "Block D",
        "areaSqM": 151.2,
        "areaSqFt": 1627.5,
        "frontageM": 12,
        "depthM": 12.6,
        "dimensions": "12m x 12.6m",
        "centroidCad": [
          26748.07,
          1684.63
        ],
        "centroidWgs84": [
          76.9007278,
          15.128059
        ],
        "sourceHandle": "15E8C",
        "geometrySource": "CAD-DXF-EXTRACT-NUMBER-LAYER",
        "status": "UNKNOWN"
      }
    },
    {
      "type": "Feature",
      "id": 78,
      "geometry": {
        "type": "Polygon",
        "coordinates": [
          [
            [
              76.900672,
              15.1279207
            ],
            [
              76.9007836,
              15.1279207
            ],
            [
              76.9007836,
              15.1280021
            ],
            [
              76.900672,
              15.1280021
            ],
            [
              76.900672,
              15.1279207
            ]
          ]
        ]
      },
      "properties": {
        "plotNumber": 78,
        "block": "Block D",
        "areaSqM": 108,
        "areaSqFt": 1162.5,
        "frontageM": 12,
        "depthM": 9,
        "dimensions": "12m x 9m",
        "centroidCad": [
          26748.07,
          1673.83
        ],
        "centroidWgs84": [
          76.9007278,
          15.1279614
        ],
        "sourceHandle": "15E8D",
        "geometrySource": "CAD-DXF-EXTRACT-NUMBER-LAYER",
        "status": "UNKNOWN"
      }
    },
    {
      "type": "Feature",
      "id": 79,
      "geometry": {
        "type": "Polygon",
        "coordinates": [
          [
            [
              76.900672,
              15.1278393
            ],
            [
              76.9007836,
              15.1278393
            ],
            [
              76.9007836,
              15.1279207
            ],
            [
              76.900672,
              15.1279207
            ],
            [
              76.900672,
              15.1278393
            ]
          ]
        ]
      },
      "properties": {
        "plotNumber": 79,
        "block": "Block D",
        "areaSqM": 108,
        "areaSqFt": 1162.5,
        "frontageM": 12,
        "depthM": 9,
        "dimensions": "12m x 9m",
        "centroidCad": [
          26748.07,
          1664.83
        ],
        "centroidWgs84": [
          76.9007278,
          15.12788
        ],
        "sourceHandle": "15E8E",
        "geometrySource": "CAD-DXF-EXTRACT-NUMBER-LAYER",
        "status": "UNKNOWN"
      }
    },
    {
      "type": "Feature",
      "id": 80,
      "geometry": {
        "type": "Polygon",
        "coordinates": [
          [
            [
              76.900672,
              15.1277579
            ],
            [
              76.9007836,
              15.1277579
            ],
            [
              76.9007836,
              15.1278393
            ],
            [
              76.900672,
              15.1278393
            ],
            [
              76.900672,
              15.1277579
            ]
          ]
        ]
      },
      "properties": {
        "plotNumber": 80,
        "block": "Block D",
        "areaSqM": 108,
        "areaSqFt": 1162.5,
        "frontageM": 12,
        "depthM": 9,
        "dimensions": "12m x 9m",
        "centroidCad": [
          26748.07,
          1655.83
        ],
        "centroidWgs84": [
          76.9007278,
          15.1277986
        ],
        "sourceHandle": "15E8F",
        "geometrySource": "CAD-DXF-EXTRACT-NUMBER-LAYER",
        "status": "UNKNOWN"
      }
    },
    {
      "type": "Feature",
      "id": 81,
      "geometry": {
        "type": "Polygon",
        "coordinates": [
          [
            [
              76.900672,
              15.1276766
            ],
            [
              76.9007836,
              15.1276766
            ],
            [
              76.9007836,
              15.1277579
            ],
            [
              76.900672,
              15.1277579
            ],
            [
              76.900672,
              15.1276766
            ]
          ]
        ]
      },
      "properties": {
        "plotNumber": 81,
        "block": "Block D",
        "areaSqM": 108,
        "areaSqFt": 1162.5,
        "frontageM": 12,
        "depthM": 9,
        "dimensions": "12m x 9m",
        "centroidCad": [
          26748.07,
          1646.83
        ],
        "centroidWgs84": [
          76.9007278,
          15.1277172
        ],
        "sourceHandle": "15E90",
        "geometrySource": "CAD-DXF-EXTRACT-NUMBER-LAYER",
        "status": "UNKNOWN"
      }
    },
    {
      "type": "Feature",
      "id": 82,
      "geometry": {
        "type": "Polygon",
        "coordinates": [
          [
            [
              76.900672,
              15.1275952
            ],
            [
              76.9007836,
              15.1275952
            ],
            [
              76.9007836,
              15.1276766
            ],
            [
              76.900672,
              15.1276766
            ],
            [
              76.900672,
              15.1275952
            ]
          ]
        ]
      },
      "properties": {
        "plotNumber": 82,
        "block": "Block D",
        "areaSqM": 108,
        "areaSqFt": 1162.5,
        "frontageM": 12,
        "depthM": 9,
        "dimensions": "12m x 9m",
        "centroidCad": [
          26748.07,
          1637.83
        ],
        "centroidWgs84": [
          76.9007278,
          15.1276359
        ],
        "sourceHandle": "15E91",
        "geometrySource": "CAD-DXF-EXTRACT-NUMBER-LAYER",
        "status": "UNKNOWN"
      }
    },
    {
      "type": "Feature",
      "id": 83,
      "geometry": {
        "type": "Polygon",
        "coordinates": [
          [
            [
              76.900672,
              15.1275138
            ],
            [
              76.9007836,
              15.1275138
            ],
            [
              76.9007836,
              15.1275952
            ],
            [
              76.900672,
              15.1275952
            ],
            [
              76.900672,
              15.1275138
            ]
          ]
        ]
      },
      "properties": {
        "plotNumber": 83,
        "block": "Block D",
        "areaSqM": 108,
        "areaSqFt": 1162.5,
        "frontageM": 12,
        "depthM": 9,
        "dimensions": "12m x 9m",
        "centroidCad": [
          26748.07,
          1628.83
        ],
        "centroidWgs84": [
          76.9007278,
          15.1275545
        ],
        "sourceHandle": "15E92",
        "geometrySource": "CAD-DXF-EXTRACT-NUMBER-LAYER",
        "status": "UNKNOWN"
      }
    },
    {
      "type": "Feature",
      "id": 84,
      "geometry": {
        "type": "Polygon",
        "coordinates": [
          [
            [
              76.900672,
              15.1274324
            ],
            [
              76.9007836,
              15.1274324
            ],
            [
              76.9007836,
              15.1275138
            ],
            [
              76.900672,
              15.1275138
            ],
            [
              76.900672,
              15.1274324
            ]
          ]
        ]
      },
      "properties": {
        "plotNumber": 84,
        "block": "Block D",
        "areaSqM": 108,
        "areaSqFt": 1162.5,
        "frontageM": 12,
        "depthM": 9,
        "dimensions": "12m x 9m",
        "centroidCad": [
          26748.07,
          1619.83
        ],
        "centroidWgs84": [
          76.9007278,
          15.1274731
        ],
        "sourceHandle": "15E93",
        "geometrySource": "CAD-DXF-EXTRACT-NUMBER-LAYER",
        "status": "UNKNOWN"
      }
    },
    {
      "type": "Feature",
      "id": 85,
      "geometry": {
        "type": "Polygon",
        "coordinates": [
          [
            [
              76.900672,
              15.1273511
            ],
            [
              76.9007836,
              15.1273511
            ],
            [
              76.9007836,
              15.1274324
            ],
            [
              76.900672,
              15.1274324
            ],
            [
              76.900672,
              15.1273511
            ]
          ]
        ]
      },
      "properties": {
        "plotNumber": 85,
        "block": "Block D",
        "areaSqM": 108,
        "areaSqFt": 1162.5,
        "frontageM": 12,
        "depthM": 9,
        "dimensions": "12m x 9m",
        "centroidCad": [
          26748.07,
          1610.83
        ],
        "centroidWgs84": [
          76.9007278,
          15.1273917
        ],
        "sourceHandle": "15E94",
        "geometrySource": "CAD-DXF-EXTRACT-NUMBER-LAYER",
        "status": "UNKNOWN"
      }
    },
    {
      "type": "Feature",
      "id": 86,
      "geometry": {
        "type": "Polygon",
        "coordinates": [
          [
            [
              76.900672,
              15.1272697
            ],
            [
              76.9007836,
              15.1272697
            ],
            [
              76.9007836,
              15.1273511
            ],
            [
              76.900672,
              15.1273511
            ],
            [
              76.900672,
              15.1272697
            ]
          ]
        ]
      },
      "properties": {
        "plotNumber": 86,
        "block": "Block D",
        "areaSqM": 108,
        "areaSqFt": 1162.5,
        "frontageM": 12,
        "depthM": 9,
        "dimensions": "12m x 9m",
        "centroidCad": [
          26748.07,
          1601.83
        ],
        "centroidWgs84": [
          76.9007278,
          15.1273104
        ],
        "sourceHandle": "15E95",
        "geometrySource": "CAD-DXF-EXTRACT-NUMBER-LAYER",
        "status": "UNKNOWN"
      }
    },
    {
      "type": "Feature",
      "id": 87,
      "geometry": {
        "type": "Polygon",
        "coordinates": [
          [
            [
              76.900672,
              15.1271883
            ],
            [
              76.9007836,
              15.1271883
            ],
            [
              76.9007836,
              15.1272697
            ],
            [
              76.900672,
              15.1272697
            ],
            [
              76.900672,
              15.1271883
            ]
          ]
        ]
      },
      "properties": {
        "plotNumber": 87,
        "block": "Block D",
        "areaSqM": 108,
        "areaSqFt": 1162.5,
        "frontageM": 12,
        "depthM": 9,
        "dimensions": "12m x 9m",
        "centroidCad": [
          26748.07,
          1592.83
        ],
        "centroidWgs84": [
          76.9007278,
          15.127229
        ],
        "sourceHandle": "15E96",
        "geometrySource": "CAD-DXF-EXTRACT-NUMBER-LAYER",
        "status": "UNKNOWN"
      }
    },
    {
      "type": "Feature",
      "id": 88,
      "geometry": {
        "type": "Polygon",
        "coordinates": [
          [
            [
              76.900672,
              15.1271069
            ],
            [
              76.9007836,
              15.1271069
            ],
            [
              76.9007836,
              15.1271883
            ],
            [
              76.900672,
              15.1271883
            ],
            [
              76.900672,
              15.1271069
            ]
          ]
        ]
      },
      "properties": {
        "plotNumber": 88,
        "block": "Block D",
        "areaSqM": 108,
        "areaSqFt": 1162.5,
        "frontageM": 12,
        "depthM": 9,
        "dimensions": "12m x 9m",
        "centroidCad": [
          26748.07,
          1583.83
        ],
        "centroidWgs84": [
          76.9007278,
          15.1271476
        ],
        "sourceHandle": "15E97",
        "geometrySource": "CAD-DXF-EXTRACT-NUMBER-LAYER",
        "status": "UNKNOWN"
      }
    },
    {
      "type": "Feature",
      "id": 89,
      "geometry": {
        "type": "Polygon",
        "coordinates": [
          [
            [
              76.900672,
              15.1270256
            ],
            [
              76.9007836,
              15.1270256
            ],
            [
              76.9007836,
              15.1271069
            ],
            [
              76.900672,
              15.1271069
            ],
            [
              76.900672,
              15.1270256
            ]
          ]
        ]
      },
      "properties": {
        "plotNumber": 89,
        "block": "Block D",
        "areaSqM": 108,
        "areaSqFt": 1162.5,
        "frontageM": 12,
        "depthM": 9,
        "dimensions": "12m x 9m",
        "centroidCad": [
          26748.07,
          1574.83
        ],
        "centroidWgs84": [
          76.9007278,
          15.1270662
        ],
        "sourceHandle": "15E98",
        "geometrySource": "CAD-DXF-EXTRACT-NUMBER-LAYER",
        "status": "UNKNOWN"
      }
    },
    {
      "type": "Feature",
      "id": 90,
      "geometry": {
        "type": "Polygon",
        "coordinates": [
          [
            [
              76.900672,
              15.1269442
            ],
            [
              76.9007836,
              15.1269442
            ],
            [
              76.9007836,
              15.1270256
            ],
            [
              76.900672,
              15.1270256
            ],
            [
              76.900672,
              15.1269442
            ]
          ]
        ]
      },
      "properties": {
        "plotNumber": 90,
        "block": "Block D",
        "areaSqM": 108,
        "areaSqFt": 1162.5,
        "frontageM": 12,
        "depthM": 9,
        "dimensions": "12m x 9m",
        "centroidCad": [
          26748.07,
          1565.83
        ],
        "centroidWgs84": [
          76.9007278,
          15.1269849
        ],
        "sourceHandle": "15E99",
        "geometrySource": "CAD-DXF-EXTRACT-NUMBER-LAYER",
        "status": "UNKNOWN"
      }
    },
    {
      "type": "Feature",
      "id": 91,
      "geometry": {
        "type": "Polygon",
        "coordinates": [
          [
            [
              76.900672,
              15.1268628
            ],
            [
              76.9007836,
              15.1268628
            ],
            [
              76.9007836,
              15.1269442
            ],
            [
              76.900672,
              15.1269442
            ],
            [
              76.900672,
              15.1268628
            ]
          ]
        ]
      },
      "properties": {
        "plotNumber": 91,
        "block": "Block D",
        "areaSqM": 108,
        "areaSqFt": 1162.5,
        "frontageM": 12,
        "depthM": 9,
        "dimensions": "12m x 9m",
        "centroidCad": [
          26748.07,
          1556.83
        ],
        "centroidWgs84": [
          76.9007278,
          15.1269035
        ],
        "sourceHandle": "15E9A",
        "geometrySource": "CAD-DXF-EXTRACT-NUMBER-LAYER",
        "status": "UNKNOWN"
      }
    },
    {
      "type": "Feature",
      "id": 92,
      "geometry": {
        "type": "Polygon",
        "coordinates": [
          [
            [
              76.900672,
              15.1267814
            ],
            [
              76.9007836,
              15.1267814
            ],
            [
              76.9007836,
              15.1268628
            ],
            [
              76.900672,
              15.1268628
            ],
            [
              76.900672,
              15.1267814
            ]
          ]
        ]
      },
      "properties": {
        "plotNumber": 92,
        "block": "Block D",
        "areaSqM": 108,
        "areaSqFt": 1162.5,
        "frontageM": 12,
        "depthM": 9,
        "dimensions": "12m x 9m",
        "centroidCad": [
          26748.07,
          1547.83
        ],
        "centroidWgs84": [
          76.9007278,
          15.1268221
        ],
        "sourceHandle": "15E9B",
        "geometrySource": "CAD-DXF-EXTRACT-NUMBER-LAYER",
        "status": "UNKNOWN"
      }
    },
    {
      "type": "Feature",
      "id": 93,
      "geometry": {
        "type": "Polygon",
        "coordinates": [
          [
            [
              76.900672,
              15.1267001
            ],
            [
              76.9007836,
              15.1267001
            ],
            [
              76.9007836,
              15.1267814
            ],
            [
              76.900672,
              15.1267814
            ],
            [
              76.900672,
              15.1267001
            ]
          ]
        ]
      },
      "properties": {
        "plotNumber": 93,
        "block": "Block D",
        "areaSqM": 108,
        "areaSqFt": 1162.5,
        "frontageM": 12,
        "depthM": 9,
        "dimensions": "12m x 9m",
        "centroidCad": [
          26748.07,
          1538.83
        ],
        "centroidWgs84": [
          76.9007278,
          15.1267407
        ],
        "sourceHandle": "15E9C",
        "geometrySource": "CAD-DXF-EXTRACT-NUMBER-LAYER",
        "status": "UNKNOWN"
      }
    },
    {
      "type": "Feature",
      "id": 94,
      "geometry": {
        "type": "Polygon",
        "coordinates": [
          [
            [
              76.900672,
              15.1266187
            ],
            [
              76.9007836,
              15.1266187
            ],
            [
              76.9007836,
              15.1267001
            ],
            [
              76.900672,
              15.1267001
            ],
            [
              76.900672,
              15.1266187
            ]
          ]
        ]
      },
      "properties": {
        "plotNumber": 94,
        "block": "Block D",
        "areaSqM": 108,
        "areaSqFt": 1162.5,
        "frontageM": 12,
        "depthM": 9,
        "dimensions": "12m x 9m",
        "centroidCad": [
          26748.07,
          1529.83
        ],
        "centroidWgs84": [
          76.9007278,
          15.1266594
        ],
        "sourceHandle": "15E9D",
        "geometrySource": "CAD-DXF-EXTRACT-NUMBER-LAYER",
        "status": "UNKNOWN"
      }
    },
    {
      "type": "Feature",
      "id": 95,
      "geometry": {
        "type": "Polygon",
        "coordinates": [
          [
            [
              76.900672,
              15.1265102
            ],
            [
              76.9007836,
              15.1265102
            ],
            [
              76.9007836,
              15.1266187
            ],
            [
              76.900672,
              15.1266187
            ],
            [
              76.900672,
              15.1265102
            ]
          ]
        ]
      },
      "properties": {
        "plotNumber": 95,
        "block": "Block D",
        "areaSqM": 144,
        "areaSqFt": 1550,
        "frontageM": 12,
        "depthM": 12,
        "dimensions": "12m x 12m",
        "centroidCad": [
          26748.07,
          1519.33
        ],
        "centroidWgs84": [
          76.9007278,
          15.1265644
        ],
        "sourceHandle": "15EB0",
        "geometrySource": "CAD-DXF-EXTRACT-NUMBER-LAYER",
        "status": "UNKNOWN"
      }
    },
    {
      "type": "Feature",
      "id": 96,
      "geometry": {
        "type": "Polygon",
        "coordinates": [
          [
            [
              76.9005603,
              15.1265102
            ],
            [
              76.900672,
              15.1265102
            ],
            [
              76.900672,
              15.1266187
            ],
            [
              76.9005603,
              15.1266187
            ],
            [
              76.9005603,
              15.1265102
            ]
          ]
        ]
      },
      "properties": {
        "plotNumber": 96,
        "block": "Block D",
        "areaSqM": 144,
        "areaSqFt": 1550,
        "frontageM": 12,
        "depthM": 12,
        "dimensions": "12m x 12m",
        "centroidCad": [
          26736.07,
          1519.33
        ],
        "centroidWgs84": [
          76.9006161,
          15.1265644
        ],
        "sourceHandle": "15EAF",
        "geometrySource": "CAD-DXF-EXTRACT-NUMBER-LAYER",
        "status": "UNKNOWN"
      }
    },
    {
      "type": "Feature",
      "id": 97,
      "geometry": {
        "type": "Polygon",
        "coordinates": [
          [
            [
              76.9005603,
              15.1266187
            ],
            [
              76.900672,
              15.1266187
            ],
            [
              76.900672,
              15.1267001
            ],
            [
              76.9005603,
              15.1267001
            ],
            [
              76.9005603,
              15.1266187
            ]
          ]
        ]
      },
      "properties": {
        "plotNumber": 97,
        "block": "Block D",
        "areaSqM": 108,
        "areaSqFt": 1162.5,
        "frontageM": 12,
        "depthM": 9,
        "dimensions": "12m x 9m",
        "centroidCad": [
          26736.07,
          1529.83
        ],
        "centroidWgs84": [
          76.9006161,
          15.1266594
        ],
        "sourceHandle": "15EAE",
        "geometrySource": "CAD-DXF-EXTRACT-NUMBER-LAYER",
        "status": "UNKNOWN"
      }
    },
    {
      "type": "Feature",
      "id": 98,
      "geometry": {
        "type": "Polygon",
        "coordinates": [
          [
            [
              76.9005603,
              15.1267001
            ],
            [
              76.900672,
              15.1267001
            ],
            [
              76.900672,
              15.1267814
            ],
            [
              76.9005603,
              15.1267814
            ],
            [
              76.9005603,
              15.1267001
            ]
          ]
        ]
      },
      "properties": {
        "plotNumber": 98,
        "block": "Block D",
        "areaSqM": 108,
        "areaSqFt": 1162.5,
        "frontageM": 12,
        "depthM": 9,
        "dimensions": "12m x 9m",
        "centroidCad": [
          26736.07,
          1538.83
        ],
        "centroidWgs84": [
          76.9006161,
          15.1267407
        ],
        "sourceHandle": "15EAD",
        "geometrySource": "CAD-DXF-EXTRACT-NUMBER-LAYER",
        "status": "UNKNOWN"
      }
    },
    {
      "type": "Feature",
      "id": 99,
      "geometry": {
        "type": "Polygon",
        "coordinates": [
          [
            [
              76.9005603,
              15.1267814
            ],
            [
              76.900672,
              15.1267814
            ],
            [
              76.900672,
              15.1268628
            ],
            [
              76.9005603,
              15.1268628
            ],
            [
              76.9005603,
              15.1267814
            ]
          ]
        ]
      },
      "properties": {
        "plotNumber": 99,
        "block": "Block D",
        "areaSqM": 108,
        "areaSqFt": 1162.5,
        "frontageM": 12,
        "depthM": 9,
        "dimensions": "12m x 9m",
        "centroidCad": [
          26736.07,
          1547.83
        ],
        "centroidWgs84": [
          76.9006161,
          15.1268221
        ],
        "sourceHandle": "15EAC",
        "geometrySource": "CAD-DXF-EXTRACT-NUMBER-LAYER",
        "status": "UNKNOWN"
      }
    },
    {
      "type": "Feature",
      "id": 100,
      "geometry": {
        "type": "Polygon",
        "coordinates": [
          [
            [
              76.9005603,
              15.1268628
            ],
            [
              76.900672,
              15.1268628
            ],
            [
              76.900672,
              15.1269442
            ],
            [
              76.9005603,
              15.1269442
            ],
            [
              76.9005603,
              15.1268628
            ]
          ]
        ]
      },
      "properties": {
        "plotNumber": 100,
        "block": "Block D",
        "areaSqM": 108,
        "areaSqFt": 1162.5,
        "frontageM": 12,
        "depthM": 9,
        "dimensions": "12m x 9m",
        "centroidCad": [
          26736.07,
          1556.83
        ],
        "centroidWgs84": [
          76.9006161,
          15.1269035
        ],
        "sourceHandle": "15EAB",
        "geometrySource": "CAD-DXF-EXTRACT-NUMBER-LAYER",
        "status": "UNKNOWN"
      }
    },
    {
      "type": "Feature",
      "id": 101,
      "geometry": {
        "type": "Polygon",
        "coordinates": [
          [
            [
              76.9005603,
              15.1269442
            ],
            [
              76.900672,
              15.1269442
            ],
            [
              76.900672,
              15.1270256
            ],
            [
              76.9005603,
              15.1270256
            ],
            [
              76.9005603,
              15.1269442
            ]
          ]
        ]
      },
      "properties": {
        "plotNumber": 101,
        "block": "Block D",
        "areaSqM": 108,
        "areaSqFt": 1162.5,
        "frontageM": 12,
        "depthM": 9,
        "dimensions": "12m x 9m",
        "centroidCad": [
          26736.07,
          1565.83
        ],
        "centroidWgs84": [
          76.9006161,
          15.1269849
        ],
        "sourceHandle": "15EAA",
        "geometrySource": "CAD-DXF-EXTRACT-NUMBER-LAYER",
        "status": "UNKNOWN"
      }
    },
    {
      "type": "Feature",
      "id": 102,
      "geometry": {
        "type": "Polygon",
        "coordinates": [
          [
            [
              76.9005603,
              15.1270256
            ],
            [
              76.900672,
              15.1270256
            ],
            [
              76.900672,
              15.1271069
            ],
            [
              76.9005603,
              15.1271069
            ],
            [
              76.9005603,
              15.1270256
            ]
          ]
        ]
      },
      "properties": {
        "plotNumber": 102,
        "block": "Block D",
        "areaSqM": 108,
        "areaSqFt": 1162.5,
        "frontageM": 12,
        "depthM": 9,
        "dimensions": "12m x 9m",
        "centroidCad": [
          26736.07,
          1574.83
        ],
        "centroidWgs84": [
          76.9006161,
          15.1270662
        ],
        "sourceHandle": "15EA9",
        "geometrySource": "CAD-DXF-EXTRACT-NUMBER-LAYER",
        "status": "UNKNOWN"
      }
    },
    {
      "type": "Feature",
      "id": 103,
      "geometry": {
        "type": "Polygon",
        "coordinates": [
          [
            [
              76.9005603,
              15.1271069
            ],
            [
              76.900672,
              15.1271069
            ],
            [
              76.900672,
              15.1271883
            ],
            [
              76.9005603,
              15.1271883
            ],
            [
              76.9005603,
              15.1271069
            ]
          ]
        ]
      },
      "properties": {
        "plotNumber": 103,
        "block": "Block D",
        "areaSqM": 108,
        "areaSqFt": 1162.5,
        "frontageM": 12,
        "depthM": 9,
        "dimensions": "12m x 9m",
        "centroidCad": [
          26736.07,
          1583.83
        ],
        "centroidWgs84": [
          76.9006161,
          15.1271476
        ],
        "sourceHandle": "15EA8",
        "geometrySource": "CAD-DXF-EXTRACT-NUMBER-LAYER",
        "status": "UNKNOWN"
      }
    },
    {
      "type": "Feature",
      "id": 104,
      "geometry": {
        "type": "Polygon",
        "coordinates": [
          [
            [
              76.9005603,
              15.1271883
            ],
            [
              76.900672,
              15.1271883
            ],
            [
              76.900672,
              15.1272697
            ],
            [
              76.9005603,
              15.1272697
            ],
            [
              76.9005603,
              15.1271883
            ]
          ]
        ]
      },
      "properties": {
        "plotNumber": 104,
        "block": "Block D",
        "areaSqM": 108,
        "areaSqFt": 1162.5,
        "frontageM": 12,
        "depthM": 9,
        "dimensions": "12m x 9m",
        "centroidCad": [
          26736.07,
          1592.83
        ],
        "centroidWgs84": [
          76.9006161,
          15.127229
        ],
        "sourceHandle": "15EA7",
        "geometrySource": "CAD-DXF-EXTRACT-NUMBER-LAYER",
        "status": "UNKNOWN"
      }
    },
    {
      "type": "Feature",
      "id": 105,
      "geometry": {
        "type": "Polygon",
        "coordinates": [
          [
            [
              76.9005603,
              15.1272697
            ],
            [
              76.900672,
              15.1272697
            ],
            [
              76.900672,
              15.1273511
            ],
            [
              76.9005603,
              15.1273511
            ],
            [
              76.9005603,
              15.1272697
            ]
          ]
        ]
      },
      "properties": {
        "plotNumber": 105,
        "block": "Block D",
        "areaSqM": 108,
        "areaSqFt": 1162.5,
        "frontageM": 12,
        "depthM": 9,
        "dimensions": "12m x 9m",
        "centroidCad": [
          26736.07,
          1601.83
        ],
        "centroidWgs84": [
          76.9006161,
          15.1273104
        ],
        "sourceHandle": "15EA6",
        "geometrySource": "CAD-DXF-EXTRACT-NUMBER-LAYER",
        "status": "UNKNOWN"
      }
    },
    {
      "type": "Feature",
      "id": 106,
      "geometry": {
        "type": "Polygon",
        "coordinates": [
          [
            [
              76.9005603,
              15.1273511
            ],
            [
              76.900672,
              15.1273511
            ],
            [
              76.900672,
              15.1274324
            ],
            [
              76.9005603,
              15.1274324
            ],
            [
              76.9005603,
              15.1273511
            ]
          ]
        ]
      },
      "properties": {
        "plotNumber": 106,
        "block": "Block D",
        "areaSqM": 108,
        "areaSqFt": 1162.5,
        "frontageM": 12,
        "depthM": 9,
        "dimensions": "12m x 9m",
        "centroidCad": [
          26736.07,
          1610.83
        ],
        "centroidWgs84": [
          76.9006161,
          15.1273917
        ],
        "sourceHandle": "15EA5",
        "geometrySource": "CAD-DXF-EXTRACT-NUMBER-LAYER",
        "status": "UNKNOWN"
      }
    },
    {
      "type": "Feature",
      "id": 107,
      "geometry": {
        "type": "Polygon",
        "coordinates": [
          [
            [
              76.9005603,
              15.1274324
            ],
            [
              76.900672,
              15.1274324
            ],
            [
              76.900672,
              15.1275138
            ],
            [
              76.9005603,
              15.1275138
            ],
            [
              76.9005603,
              15.1274324
            ]
          ]
        ]
      },
      "properties": {
        "plotNumber": 107,
        "block": "Block D",
        "areaSqM": 108,
        "areaSqFt": 1162.5,
        "frontageM": 12,
        "depthM": 9,
        "dimensions": "12m x 9m",
        "centroidCad": [
          26736.07,
          1619.83
        ],
        "centroidWgs84": [
          76.9006161,
          15.1274731
        ],
        "sourceHandle": "15EA4",
        "geometrySource": "CAD-DXF-EXTRACT-NUMBER-LAYER",
        "status": "UNKNOWN"
      }
    },
    {
      "type": "Feature",
      "id": 108,
      "geometry": {
        "type": "Polygon",
        "coordinates": [
          [
            [
              76.9005603,
              15.1275138
            ],
            [
              76.900672,
              15.1275138
            ],
            [
              76.900672,
              15.1275952
            ],
            [
              76.9005603,
              15.1275952
            ],
            [
              76.9005603,
              15.1275138
            ]
          ]
        ]
      },
      "properties": {
        "plotNumber": 108,
        "block": "Block D",
        "areaSqM": 108,
        "areaSqFt": 1162.5,
        "frontageM": 12,
        "depthM": 9,
        "dimensions": "12m x 9m",
        "centroidCad": [
          26736.07,
          1628.83
        ],
        "centroidWgs84": [
          76.9006161,
          15.1275545
        ],
        "sourceHandle": "15EA3",
        "geometrySource": "CAD-DXF-EXTRACT-NUMBER-LAYER",
        "status": "UNKNOWN"
      }
    },
    {
      "type": "Feature",
      "id": 109,
      "geometry": {
        "type": "Polygon",
        "coordinates": [
          [
            [
              76.9005603,
              15.1275952
            ],
            [
              76.900672,
              15.1275952
            ],
            [
              76.900672,
              15.1276766
            ],
            [
              76.9005603,
              15.1276766
            ],
            [
              76.9005603,
              15.1275952
            ]
          ]
        ]
      },
      "properties": {
        "plotNumber": 109,
        "block": "Block D",
        "areaSqM": 108,
        "areaSqFt": 1162.5,
        "frontageM": 12,
        "depthM": 9,
        "dimensions": "12m x 9m",
        "centroidCad": [
          26736.07,
          1637.83
        ],
        "centroidWgs84": [
          76.9006161,
          15.1276359
        ],
        "sourceHandle": "15EA2",
        "geometrySource": "CAD-DXF-EXTRACT-NUMBER-LAYER",
        "status": "UNKNOWN"
      }
    },
    {
      "type": "Feature",
      "id": 110,
      "geometry": {
        "type": "Polygon",
        "coordinates": [
          [
            [
              76.9005603,
              15.1276766
            ],
            [
              76.900672,
              15.1276766
            ],
            [
              76.900672,
              15.1277579
            ],
            [
              76.9005603,
              15.1277579
            ],
            [
              76.9005603,
              15.1276766
            ]
          ]
        ]
      },
      "properties": {
        "plotNumber": 110,
        "block": "Block D",
        "areaSqM": 108,
        "areaSqFt": 1162.5,
        "frontageM": 12,
        "depthM": 9,
        "dimensions": "12m x 9m",
        "centroidCad": [
          26736.07,
          1646.83
        ],
        "centroidWgs84": [
          76.9006161,
          15.1277172
        ],
        "sourceHandle": "15EA1",
        "geometrySource": "CAD-DXF-EXTRACT-NUMBER-LAYER",
        "status": "UNKNOWN"
      }
    },
    {
      "type": "Feature",
      "id": 111,
      "geometry": {
        "type": "Polygon",
        "coordinates": [
          [
            [
              76.9005603,
              15.1277579
            ],
            [
              76.900672,
              15.1277579
            ],
            [
              76.900672,
              15.1278393
            ],
            [
              76.9005603,
              15.1278393
            ],
            [
              76.9005603,
              15.1277579
            ]
          ]
        ]
      },
      "properties": {
        "plotNumber": 111,
        "block": "Block D",
        "areaSqM": 108,
        "areaSqFt": 1162.5,
        "frontageM": 12,
        "depthM": 9,
        "dimensions": "12m x 9m",
        "centroidCad": [
          26736.07,
          1655.83
        ],
        "centroidWgs84": [
          76.9006161,
          15.1277986
        ],
        "sourceHandle": "15EA0",
        "geometrySource": "CAD-DXF-EXTRACT-NUMBER-LAYER",
        "status": "UNKNOWN"
      }
    },
    {
      "type": "Feature",
      "id": 112,
      "geometry": {
        "type": "Polygon",
        "coordinates": [
          [
            [
              76.9005603,
              15.1278393
            ],
            [
              76.900672,
              15.1278393
            ],
            [
              76.900672,
              15.1279207
            ],
            [
              76.9005603,
              15.1279207
            ],
            [
              76.9005603,
              15.1278393
            ]
          ]
        ]
      },
      "properties": {
        "plotNumber": 112,
        "block": "Block D",
        "areaSqM": 108,
        "areaSqFt": 1162.5,
        "frontageM": 12,
        "depthM": 9,
        "dimensions": "12m x 9m",
        "centroidCad": [
          26736.07,
          1664.83
        ],
        "centroidWgs84": [
          76.9006161,
          15.12788
        ],
        "sourceHandle": "15E9F",
        "geometrySource": "CAD-DXF-EXTRACT-NUMBER-LAYER",
        "status": "UNKNOWN"
      }
    },
    {
      "type": "Feature",
      "id": 113,
      "geometry": {
        "type": "Polygon",
        "coordinates": [
          [
            [
              76.9005603,
              15.1279207
            ],
            [
              76.900672,
              15.1279207
            ],
            [
              76.900672,
              15.1280021
            ],
            [
              76.9005603,
              15.1280021
            ],
            [
              76.9005603,
              15.1279207
            ]
          ]
        ]
      },
      "properties": {
        "plotNumber": 113,
        "block": "Block D",
        "areaSqM": 108,
        "areaSqFt": 1162.5,
        "frontageM": 12,
        "depthM": 9,
        "dimensions": "12m x 9m",
        "centroidCad": [
          26736.07,
          1673.83
        ],
        "centroidWgs84": [
          76.9006161,
          15.1279614
        ],
        "sourceHandle": "15E9E",
        "geometrySource": "CAD-DXF-EXTRACT-NUMBER-LAYER",
        "status": "UNKNOWN"
      }
    },
    {
      "type": "Feature",
      "id": 114,
      "geometry": {
        "type": "Polygon",
        "coordinates": [
          [
            [
              76.9005603,
              15.1280021
            ],
            [
              76.900672,
              15.1280021
            ],
            [
              76.900672,
              15.128116
            ],
            [
              76.9005603,
              15.128116
            ],
            [
              76.9005603,
              15.1280021
            ]
          ]
        ]
      },
      "properties": {
        "plotNumber": 114,
        "block": "Block D",
        "areaSqM": 151.2,
        "areaSqFt": 1627.5,
        "frontageM": 12,
        "depthM": 12.6,
        "dimensions": "12m x 12.6m",
        "centroidCad": [
          26736.07,
          1684.63
        ],
        "centroidWgs84": [
          76.9006161,
          15.128059
        ],
        "sourceHandle": "15EB1",
        "geometrySource": "CAD-DXF-EXTRACT-NUMBER-LAYER",
        "status": "UNKNOWN"
      }
    },
    {
      "type": "Feature",
      "id": 115,
      "geometry": {
        "type": "Polygon",
        "coordinates": [
          [
            [
              76.9003258,
              15.1277579
            ],
            [
              76.9004486,
              15.1277579
            ],
            [
              76.9004486,
              15.1280197
            ],
            [
              76.9003258,
              15.1280197
            ],
            [
              76.9003258,
              15.1277579
            ]
          ]
        ]
      },
      "properties": {
        "plotNumber": 115,
        "block": "Block C",
        "areaSqM": 382.14,
        "areaSqFt": 4113.3,
        "frontageM": 13.2,
        "depthM": 28.95,
        "dimensions": "13.2m x 28.95m",
        "centroidCad": [
          26711.47,
          1665.8
        ],
        "centroidWgs84": [
          76.9003872,
          15.1278888
        ],
        "sourceHandle": "16133",
        "geometrySource": "CAD-DXF-EXTRACT-NUMBER-LAYER",
        "status": "UNKNOWN"
      }
    },
    {
      "type": "Feature",
      "id": 116,
      "geometry": {
        "type": "Polygon",
        "coordinates": [
          [
            [
              76.9003258,
              15.1276766
            ],
            [
              76.9004486,
              15.1276766
            ],
            [
              76.9004486,
              15.1277579
            ],
            [
              76.9003258,
              15.1277579
            ],
            [
              76.9003258,
              15.1276766
            ]
          ]
        ]
      },
      "properties": {
        "plotNumber": 116,
        "block": "Block C",
        "areaSqM": 118.8,
        "areaSqFt": 1278.8,
        "frontageM": 13.2,
        "depthM": 9,
        "dimensions": "13.2m x 9m",
        "centroidCad": [
          26711.47,
          1646.83
        ],
        "centroidWgs84": [
          76.9003872,
          15.1277172
        ],
        "sourceHandle": "15EB2",
        "geometrySource": "CAD-DXF-EXTRACT-NUMBER-LAYER",
        "status": "UNKNOWN"
      }
    },
    {
      "type": "Feature",
      "id": 117,
      "geometry": {
        "type": "Polygon",
        "coordinates": [
          [
            [
              76.9003258,
              15.1275952
            ],
            [
              76.9004486,
              15.1275952
            ],
            [
              76.9004486,
              15.1276766
            ],
            [
              76.9003258,
              15.1276766
            ],
            [
              76.9003258,
              15.1275952
            ]
          ]
        ]
      },
      "properties": {
        "plotNumber": 117,
        "block": "Block C",
        "areaSqM": 118.8,
        "areaSqFt": 1278.8,
        "frontageM": 13.2,
        "depthM": 9,
        "dimensions": "13.2m x 9m",
        "centroidCad": [
          26711.47,
          1637.83
        ],
        "centroidWgs84": [
          76.9003872,
          15.1276359
        ],
        "sourceHandle": "15EB5",
        "geometrySource": "CAD-DXF-EXTRACT-NUMBER-LAYER",
        "status": "UNKNOWN"
      }
    },
    {
      "type": "Feature",
      "id": 118,
      "geometry": {
        "type": "Polygon",
        "coordinates": [
          [
            [
              76.9003258,
              15.1275138
            ],
            [
              76.9004486,
              15.1275138
            ],
            [
              76.9004486,
              15.1275952
            ],
            [
              76.9003258,
              15.1275952
            ],
            [
              76.9003258,
              15.1275138
            ]
          ]
        ]
      },
      "properties": {
        "plotNumber": 118,
        "block": "Block C",
        "areaSqM": 118.8,
        "areaSqFt": 1278.8,
        "frontageM": 13.2,
        "depthM": 9,
        "dimensions": "13.2m x 9m",
        "centroidCad": [
          26711.47,
          1628.83
        ],
        "centroidWgs84": [
          76.9003872,
          15.1275545
        ],
        "sourceHandle": "15EB8",
        "geometrySource": "CAD-DXF-EXTRACT-NUMBER-LAYER",
        "status": "UNKNOWN"
      }
    },
    {
      "type": "Feature",
      "id": 119,
      "geometry": {
        "type": "Polygon",
        "coordinates": [
          [
            [
              76.9003258,
              15.1274324
            ],
            [
              76.9004486,
              15.1274324
            ],
            [
              76.9004486,
              15.1275138
            ],
            [
              76.9003258,
              15.1275138
            ],
            [
              76.9003258,
              15.1274324
            ]
          ]
        ]
      },
      "properties": {
        "plotNumber": 119,
        "block": "Block C",
        "areaSqM": 118.8,
        "areaSqFt": 1278.8,
        "frontageM": 13.2,
        "depthM": 9,
        "dimensions": "13.2m x 9m",
        "centroidCad": [
          26711.47,
          1619.83
        ],
        "centroidWgs84": [
          76.9003872,
          15.1274731
        ],
        "sourceHandle": "15EBB",
        "geometrySource": "CAD-DXF-EXTRACT-NUMBER-LAYER",
        "status": "UNKNOWN"
      }
    },
    {
      "type": "Feature",
      "id": 120,
      "geometry": {
        "type": "Polygon",
        "coordinates": [
          [
            [
              76.9003258,
              15.1273511
            ],
            [
              76.9004486,
              15.1273511
            ],
            [
              76.9004486,
              15.1274324
            ],
            [
              76.9003258,
              15.1274324
            ],
            [
              76.9003258,
              15.1273511
            ]
          ]
        ]
      },
      "properties": {
        "plotNumber": 120,
        "block": "Block C",
        "areaSqM": 118.8,
        "areaSqFt": 1278.8,
        "frontageM": 13.2,
        "depthM": 9,
        "dimensions": "13.2m x 9m",
        "centroidCad": [
          26711.47,
          1610.83
        ],
        "centroidWgs84": [
          76.9003872,
          15.1273917
        ],
        "sourceHandle": "15EBE",
        "geometrySource": "CAD-DXF-EXTRACT-NUMBER-LAYER",
        "status": "UNKNOWN"
      }
    },
    {
      "type": "Feature",
      "id": 121,
      "geometry": {
        "type": "Polygon",
        "coordinates": [
          [
            [
              76.9003258,
              15.1272697
            ],
            [
              76.9004486,
              15.1272697
            ],
            [
              76.9004486,
              15.1273511
            ],
            [
              76.9003258,
              15.1273511
            ],
            [
              76.9003258,
              15.1272697
            ]
          ]
        ]
      },
      "properties": {
        "plotNumber": 121,
        "block": "Block C",
        "areaSqM": 118.8,
        "areaSqFt": 1278.8,
        "frontageM": 13.2,
        "depthM": 9,
        "dimensions": "13.2m x 9m",
        "centroidCad": [
          26711.47,
          1601.83
        ],
        "centroidWgs84": [
          76.9003872,
          15.1273104
        ],
        "sourceHandle": "15EC1",
        "geometrySource": "CAD-DXF-EXTRACT-NUMBER-LAYER",
        "status": "UNKNOWN"
      }
    },
    {
      "type": "Feature",
      "id": 122,
      "geometry": {
        "type": "Polygon",
        "coordinates": [
          [
            [
              76.9003258,
              15.1271883
            ],
            [
              76.9004486,
              15.1271883
            ],
            [
              76.9004486,
              15.1272697
            ],
            [
              76.9003258,
              15.1272697
            ],
            [
              76.9003258,
              15.1271883
            ]
          ]
        ]
      },
      "properties": {
        "plotNumber": 122,
        "block": "Block C",
        "areaSqM": 118.8,
        "areaSqFt": 1278.8,
        "frontageM": 13.2,
        "depthM": 9,
        "dimensions": "13.2m x 9m",
        "centroidCad": [
          26711.47,
          1592.83
        ],
        "centroidWgs84": [
          76.9003872,
          15.127229
        ],
        "sourceHandle": "15EC4",
        "geometrySource": "CAD-DXF-EXTRACT-NUMBER-LAYER",
        "status": "UNKNOWN"
      }
    },
    {
      "type": "Feature",
      "id": 123,
      "geometry": {
        "type": "Polygon",
        "coordinates": [
          [
            [
              76.9003258,
              15.1271069
            ],
            [
              76.9004486,
              15.1271069
            ],
            [
              76.9004486,
              15.1271883
            ],
            [
              76.9003258,
              15.1271883
            ],
            [
              76.9003258,
              15.1271069
            ]
          ]
        ]
      },
      "properties": {
        "plotNumber": 123,
        "block": "Block C",
        "areaSqM": 118.8,
        "areaSqFt": 1278.8,
        "frontageM": 13.2,
        "depthM": 9,
        "dimensions": "13.2m x 9m",
        "centroidCad": [
          26711.47,
          1583.83
        ],
        "centroidWgs84": [
          76.9003872,
          15.1271476
        ],
        "sourceHandle": "15EC7",
        "geometrySource": "CAD-DXF-EXTRACT-NUMBER-LAYER",
        "status": "UNKNOWN"
      }
    },
    {
      "type": "Feature",
      "id": 124,
      "geometry": {
        "type": "Polygon",
        "coordinates": [
          [
            [
              76.9003258,
              15.1270256
            ],
            [
              76.9004486,
              15.1270256
            ],
            [
              76.9004486,
              15.1271069
            ],
            [
              76.9003258,
              15.1271069
            ],
            [
              76.9003258,
              15.1270256
            ]
          ]
        ]
      },
      "properties": {
        "plotNumber": 124,
        "block": "Block C",
        "areaSqM": 118.8,
        "areaSqFt": 1278.8,
        "frontageM": 13.2,
        "depthM": 9,
        "dimensions": "13.2m x 9m",
        "centroidCad": [
          26711.47,
          1574.83
        ],
        "centroidWgs84": [
          76.9003872,
          15.1270662
        ],
        "sourceHandle": "15ECA",
        "geometrySource": "CAD-DXF-EXTRACT-NUMBER-LAYER",
        "status": "UNKNOWN"
      }
    },
    {
      "type": "Feature",
      "id": 125,
      "geometry": {
        "type": "Polygon",
        "coordinates": [
          [
            [
              76.9003258,
              15.1269442
            ],
            [
              76.9004486,
              15.1269442
            ],
            [
              76.9004486,
              15.1270256
            ],
            [
              76.9003258,
              15.1270256
            ],
            [
              76.9003258,
              15.1269442
            ]
          ]
        ]
      },
      "properties": {
        "plotNumber": 125,
        "block": "Block C",
        "areaSqM": 118.8,
        "areaSqFt": 1278.8,
        "frontageM": 13.2,
        "depthM": 9,
        "dimensions": "13.2m x 9m",
        "centroidCad": [
          26711.47,
          1565.83
        ],
        "centroidWgs84": [
          76.9003872,
          15.1269849
        ],
        "sourceHandle": "15ECD",
        "geometrySource": "CAD-DXF-EXTRACT-NUMBER-LAYER",
        "status": "UNKNOWN"
      }
    },
    {
      "type": "Feature",
      "id": 126,
      "geometry": {
        "type": "Polygon",
        "coordinates": [
          [
            [
              76.9003258,
              15.1268628
            ],
            [
              76.9004486,
              15.1268628
            ],
            [
              76.9004486,
              15.1269442
            ],
            [
              76.9003258,
              15.1269442
            ],
            [
              76.9003258,
              15.1268628
            ]
          ]
        ]
      },
      "properties": {
        "plotNumber": 126,
        "block": "Block C",
        "areaSqM": 118.8,
        "areaSqFt": 1278.8,
        "frontageM": 13.2,
        "depthM": 9,
        "dimensions": "13.2m x 9m",
        "centroidCad": [
          26711.47,
          1556.83
        ],
        "centroidWgs84": [
          76.9003872,
          15.1269035
        ],
        "sourceHandle": "15ED0",
        "geometrySource": "CAD-DXF-EXTRACT-NUMBER-LAYER",
        "status": "UNKNOWN"
      }
    },
    {
      "type": "Feature",
      "id": 127,
      "geometry": {
        "type": "Polygon",
        "coordinates": [
          [
            [
              76.9003258,
              15.1267814
            ],
            [
              76.9004486,
              15.1267814
            ],
            [
              76.9004486,
              15.1268628
            ],
            [
              76.9003258,
              15.1268628
            ],
            [
              76.9003258,
              15.1267814
            ]
          ]
        ]
      },
      "properties": {
        "plotNumber": 127,
        "block": "Block C",
        "areaSqM": 118.8,
        "areaSqFt": 1278.8,
        "frontageM": 13.2,
        "depthM": 9,
        "dimensions": "13.2m x 9m",
        "centroidCad": [
          26711.47,
          1547.83
        ],
        "centroidWgs84": [
          76.9003872,
          15.1268221
        ],
        "sourceHandle": "15ED3",
        "geometrySource": "CAD-DXF-EXTRACT-NUMBER-LAYER",
        "status": "UNKNOWN"
      }
    },
    {
      "type": "Feature",
      "id": 128,
      "geometry": {
        "type": "Polygon",
        "coordinates": [
          [
            [
              76.9003258,
              15.1267001
            ],
            [
              76.9004486,
              15.1267001
            ],
            [
              76.9004486,
              15.1267814
            ],
            [
              76.9003258,
              15.1267814
            ],
            [
              76.9003258,
              15.1267001
            ]
          ]
        ]
      },
      "properties": {
        "plotNumber": 128,
        "block": "Block C",
        "areaSqM": 118.8,
        "areaSqFt": 1278.8,
        "frontageM": 13.2,
        "depthM": 9,
        "dimensions": "13.2m x 9m",
        "centroidCad": [
          26711.47,
          1538.83
        ],
        "centroidWgs84": [
          76.9003872,
          15.1267407
        ],
        "sourceHandle": "15ED6",
        "geometrySource": "CAD-DXF-EXTRACT-NUMBER-LAYER",
        "status": "UNKNOWN"
      }
    },
    {
      "type": "Feature",
      "id": 129,
      "geometry": {
        "type": "Polygon",
        "coordinates": [
          [
            [
              76.9003258,
              15.1266187
            ],
            [
              76.9004486,
              15.1266187
            ],
            [
              76.9004486,
              15.1267001
            ],
            [
              76.9003258,
              15.1267001
            ],
            [
              76.9003258,
              15.1266187
            ]
          ]
        ]
      },
      "properties": {
        "plotNumber": 129,
        "block": "Block C",
        "areaSqM": 118.8,
        "areaSqFt": 1278.8,
        "frontageM": 13.2,
        "depthM": 9,
        "dimensions": "13.2m x 9m",
        "centroidCad": [
          26711.47,
          1529.83
        ],
        "centroidWgs84": [
          76.9003872,
          15.1266594
        ],
        "sourceHandle": "15ED9",
        "geometrySource": "CAD-DXF-EXTRACT-NUMBER-LAYER",
        "status": "UNKNOWN"
      }
    },
    {
      "type": "Feature",
      "id": 130,
      "geometry": {
        "type": "Polygon",
        "coordinates": [
          [
            [
              76.9003258,
              15.1265102
            ],
            [
              76.9004486,
              15.1265102
            ],
            [
              76.9004486,
              15.1266187
            ],
            [
              76.9003258,
              15.1266187
            ],
            [
              76.9003258,
              15.1265102
            ]
          ]
        ]
      },
      "properties": {
        "plotNumber": 130,
        "block": "Block C",
        "areaSqM": 158.4,
        "areaSqFt": 1705,
        "frontageM": 13.2,
        "depthM": 12,
        "dimensions": "13.2m x 12m",
        "centroidCad": [
          26711.47,
          1519.33
        ],
        "centroidWgs84": [
          76.9003872,
          15.1265644
        ],
        "sourceHandle": "15EDC",
        "geometrySource": "CAD-DXF-EXTRACT-NUMBER-LAYER",
        "status": "UNKNOWN"
      }
    },
    {
      "type": "Feature",
      "id": 131,
      "geometry": {
        "type": "Polygon",
        "coordinates": [
          [
            [
              76.9002141,
              15.1265102
            ],
            [
              76.9003258,
              15.1265102
            ],
            [
              76.9003258,
              15.1266187
            ],
            [
              76.9002141,
              15.1266187
            ],
            [
              76.9002141,
              15.1265102
            ]
          ]
        ]
      },
      "properties": {
        "plotNumber": 131,
        "block": "Block C",
        "areaSqM": 144,
        "areaSqFt": 1550,
        "frontageM": 12,
        "depthM": 12,
        "dimensions": "12m x 12m",
        "centroidCad": [
          26698.87,
          1519.33
        ],
        "centroidWgs84": [
          76.90027,
          15.1265644
        ],
        "sourceHandle": "15EDD",
        "geometrySource": "CAD-DXF-EXTRACT-NUMBER-LAYER",
        "status": "UNKNOWN"
      }
    },
    {
      "type": "Feature",
      "id": 132,
      "geometry": {
        "type": "Polygon",
        "coordinates": [
          [
            [
              76.9002141,
              15.1266187
            ],
            [
              76.9003258,
              15.1266187
            ],
            [
              76.9003258,
              15.1267001
            ],
            [
              76.9002141,
              15.1267001
            ],
            [
              76.9002141,
              15.1266187
            ]
          ]
        ]
      },
      "properties": {
        "plotNumber": 132,
        "block": "Block C",
        "areaSqM": 108,
        "areaSqFt": 1162.5,
        "frontageM": 12,
        "depthM": 9,
        "dimensions": "12m x 9m",
        "centroidCad": [
          26698.87,
          1529.83
        ],
        "centroidWgs84": [
          76.90027,
          15.1266594
        ],
        "sourceHandle": "15EDA",
        "geometrySource": "CAD-DXF-EXTRACT-NUMBER-LAYER",
        "status": "UNKNOWN"
      }
    },
    {
      "type": "Feature",
      "id": 133,
      "geometry": {
        "type": "Polygon",
        "coordinates": [
          [
            [
              76.9002141,
              15.1267001
            ],
            [
              76.9003258,
              15.1267001
            ],
            [
              76.9003258,
              15.1267814
            ],
            [
              76.9002141,
              15.1267814
            ],
            [
              76.9002141,
              15.1267001
            ]
          ]
        ]
      },
      "properties": {
        "plotNumber": 133,
        "block": "Block C",
        "areaSqM": 108,
        "areaSqFt": 1162.5,
        "frontageM": 12,
        "depthM": 9,
        "dimensions": "12m x 9m",
        "centroidCad": [
          26698.87,
          1538.83
        ],
        "centroidWgs84": [
          76.90027,
          15.1267407
        ],
        "sourceHandle": "15ED7",
        "geometrySource": "CAD-DXF-EXTRACT-NUMBER-LAYER",
        "status": "UNKNOWN"
      }
    },
    {
      "type": "Feature",
      "id": 134,
      "geometry": {
        "type": "Polygon",
        "coordinates": [
          [
            [
              76.9002141,
              15.1267814
            ],
            [
              76.9003258,
              15.1267814
            ],
            [
              76.9003258,
              15.1268628
            ],
            [
              76.9002141,
              15.1268628
            ],
            [
              76.9002141,
              15.1267814
            ]
          ]
        ]
      },
      "properties": {
        "plotNumber": 134,
        "block": "Block C",
        "areaSqM": 108,
        "areaSqFt": 1162.5,
        "frontageM": 12,
        "depthM": 9,
        "dimensions": "12m x 9m",
        "centroidCad": [
          26698.87,
          1547.83
        ],
        "centroidWgs84": [
          76.90027,
          15.1268221
        ],
        "sourceHandle": "15ED4",
        "geometrySource": "CAD-DXF-EXTRACT-NUMBER-LAYER",
        "status": "UNKNOWN"
      }
    },
    {
      "type": "Feature",
      "id": 135,
      "geometry": {
        "type": "Polygon",
        "coordinates": [
          [
            [
              76.9002141,
              15.1268628
            ],
            [
              76.9003258,
              15.1268628
            ],
            [
              76.9003258,
              15.1269442
            ],
            [
              76.9002141,
              15.1269442
            ],
            [
              76.9002141,
              15.1268628
            ]
          ]
        ]
      },
      "properties": {
        "plotNumber": 135,
        "block": "Block C",
        "areaSqM": 108,
        "areaSqFt": 1162.5,
        "frontageM": 12,
        "depthM": 9,
        "dimensions": "12m x 9m",
        "centroidCad": [
          26698.87,
          1556.83
        ],
        "centroidWgs84": [
          76.90027,
          15.1269035
        ],
        "sourceHandle": "15ED1",
        "geometrySource": "CAD-DXF-EXTRACT-NUMBER-LAYER",
        "status": "UNKNOWN"
      }
    },
    {
      "type": "Feature",
      "id": 136,
      "geometry": {
        "type": "Polygon",
        "coordinates": [
          [
            [
              76.9002141,
              15.1269442
            ],
            [
              76.9003258,
              15.1269442
            ],
            [
              76.9003258,
              15.1270256
            ],
            [
              76.9002141,
              15.1270256
            ],
            [
              76.9002141,
              15.1269442
            ]
          ]
        ]
      },
      "properties": {
        "plotNumber": 136,
        "block": "Block C",
        "areaSqM": 108,
        "areaSqFt": 1162.5,
        "frontageM": 12,
        "depthM": 9,
        "dimensions": "12m x 9m",
        "centroidCad": [
          26698.87,
          1565.83
        ],
        "centroidWgs84": [
          76.90027,
          15.1269849
        ],
        "sourceHandle": "15ECE",
        "geometrySource": "CAD-DXF-EXTRACT-NUMBER-LAYER",
        "status": "UNKNOWN"
      }
    },
    {
      "type": "Feature",
      "id": 137,
      "geometry": {
        "type": "Polygon",
        "coordinates": [
          [
            [
              76.9002141,
              15.1270256
            ],
            [
              76.9003258,
              15.1270256
            ],
            [
              76.9003258,
              15.1271069
            ],
            [
              76.9002141,
              15.1271069
            ],
            [
              76.9002141,
              15.1270256
            ]
          ]
        ]
      },
      "properties": {
        "plotNumber": 137,
        "block": "Block C",
        "areaSqM": 108,
        "areaSqFt": 1162.5,
        "frontageM": 12,
        "depthM": 9,
        "dimensions": "12m x 9m",
        "centroidCad": [
          26698.87,
          1574.83
        ],
        "centroidWgs84": [
          76.90027,
          15.1270662
        ],
        "sourceHandle": "15ECB",
        "geometrySource": "CAD-DXF-EXTRACT-NUMBER-LAYER",
        "status": "UNKNOWN"
      }
    },
    {
      "type": "Feature",
      "id": 138,
      "geometry": {
        "type": "Polygon",
        "coordinates": [
          [
            [
              76.9002141,
              15.1271069
            ],
            [
              76.9003258,
              15.1271069
            ],
            [
              76.9003258,
              15.1271883
            ],
            [
              76.9002141,
              15.1271883
            ],
            [
              76.9002141,
              15.1271069
            ]
          ]
        ]
      },
      "properties": {
        "plotNumber": 138,
        "block": "Block C",
        "areaSqM": 108,
        "areaSqFt": 1162.5,
        "frontageM": 12,
        "depthM": 9,
        "dimensions": "12m x 9m",
        "centroidCad": [
          26698.87,
          1583.83
        ],
        "centroidWgs84": [
          76.90027,
          15.1271476
        ],
        "sourceHandle": "15EC8",
        "geometrySource": "CAD-DXF-EXTRACT-NUMBER-LAYER",
        "status": "UNKNOWN"
      }
    },
    {
      "type": "Feature",
      "id": 139,
      "geometry": {
        "type": "Polygon",
        "coordinates": [
          [
            [
              76.9002141,
              15.1271883
            ],
            [
              76.9003258,
              15.1271883
            ],
            [
              76.9003258,
              15.1272697
            ],
            [
              76.9002141,
              15.1272697
            ],
            [
              76.9002141,
              15.1271883
            ]
          ]
        ]
      },
      "properties": {
        "plotNumber": 139,
        "block": "Block C",
        "areaSqM": 108,
        "areaSqFt": 1162.5,
        "frontageM": 12,
        "depthM": 9,
        "dimensions": "12m x 9m",
        "centroidCad": [
          26698.87,
          1592.83
        ],
        "centroidWgs84": [
          76.90027,
          15.127229
        ],
        "sourceHandle": "15EC5",
        "geometrySource": "CAD-DXF-EXTRACT-NUMBER-LAYER",
        "status": "UNKNOWN"
      }
    },
    {
      "type": "Feature",
      "id": 140,
      "geometry": {
        "type": "Polygon",
        "coordinates": [
          [
            [
              76.9002141,
              15.1272697
            ],
            [
              76.9003258,
              15.1272697
            ],
            [
              76.9003258,
              15.1273511
            ],
            [
              76.9002141,
              15.1273511
            ],
            [
              76.9002141,
              15.1272697
            ]
          ]
        ]
      },
      "properties": {
        "plotNumber": 140,
        "block": "Block C",
        "areaSqM": 108,
        "areaSqFt": 1162.5,
        "frontageM": 12,
        "depthM": 9,
        "dimensions": "12m x 9m",
        "centroidCad": [
          26698.87,
          1601.83
        ],
        "centroidWgs84": [
          76.90027,
          15.1273104
        ],
        "sourceHandle": "15EC2",
        "geometrySource": "CAD-DXF-EXTRACT-NUMBER-LAYER",
        "status": "UNKNOWN"
      }
    },
    {
      "type": "Feature",
      "id": 141,
      "geometry": {
        "type": "Polygon",
        "coordinates": [
          [
            [
              76.9002141,
              15.1273511
            ],
            [
              76.9003258,
              15.1273511
            ],
            [
              76.9003258,
              15.1274324
            ],
            [
              76.9002141,
              15.1274324
            ],
            [
              76.9002141,
              15.1273511
            ]
          ]
        ]
      },
      "properties": {
        "plotNumber": 141,
        "block": "Block C",
        "areaSqM": 108,
        "areaSqFt": 1162.5,
        "frontageM": 12,
        "depthM": 9,
        "dimensions": "12m x 9m",
        "centroidCad": [
          26698.87,
          1610.83
        ],
        "centroidWgs84": [
          76.90027,
          15.1273917
        ],
        "sourceHandle": "15EBF",
        "geometrySource": "CAD-DXF-EXTRACT-NUMBER-LAYER",
        "status": "UNKNOWN"
      }
    },
    {
      "type": "Feature",
      "id": 142,
      "geometry": {
        "type": "Polygon",
        "coordinates": [
          [
            [
              76.9002141,
              15.1274324
            ],
            [
              76.9003258,
              15.1274324
            ],
            [
              76.9003258,
              15.1275138
            ],
            [
              76.9002141,
              15.1275138
            ],
            [
              76.9002141,
              15.1274324
            ]
          ]
        ]
      },
      "properties": {
        "plotNumber": 142,
        "block": "Block C",
        "areaSqM": 108,
        "areaSqFt": 1162.5,
        "frontageM": 12,
        "depthM": 9,
        "dimensions": "12m x 9m",
        "centroidCad": [
          26698.87,
          1619.83
        ],
        "centroidWgs84": [
          76.90027,
          15.1274731
        ],
        "sourceHandle": "15EBC",
        "geometrySource": "CAD-DXF-EXTRACT-NUMBER-LAYER",
        "status": "UNKNOWN"
      }
    },
    {
      "type": "Feature",
      "id": 143,
      "geometry": {
        "type": "Polygon",
        "coordinates": [
          [
            [
              76.9002141,
              15.1275138
            ],
            [
              76.9003258,
              15.1275138
            ],
            [
              76.9003258,
              15.1275952
            ],
            [
              76.9002141,
              15.1275952
            ],
            [
              76.9002141,
              15.1275138
            ]
          ]
        ]
      },
      "properties": {
        "plotNumber": 143,
        "block": "Block C",
        "areaSqM": 108,
        "areaSqFt": 1162.5,
        "frontageM": 12,
        "depthM": 9,
        "dimensions": "12m x 9m",
        "centroidCad": [
          26698.87,
          1628.83
        ],
        "centroidWgs84": [
          76.90027,
          15.1275545
        ],
        "sourceHandle": "15EB9",
        "geometrySource": "CAD-DXF-EXTRACT-NUMBER-LAYER",
        "status": "UNKNOWN"
      }
    },
    {
      "type": "Feature",
      "id": 144,
      "geometry": {
        "type": "Polygon",
        "coordinates": [
          [
            [
              76.9002141,
              15.1275952
            ],
            [
              76.9003258,
              15.1275952
            ],
            [
              76.9003258,
              15.1276766
            ],
            [
              76.9002141,
              15.1276766
            ],
            [
              76.9002141,
              15.1275952
            ]
          ]
        ]
      },
      "properties": {
        "plotNumber": 144,
        "block": "Block C",
        "areaSqM": 108,
        "areaSqFt": 1162.5,
        "frontageM": 12,
        "depthM": 9,
        "dimensions": "12m x 9m",
        "centroidCad": [
          26698.87,
          1637.83
        ],
        "centroidWgs84": [
          76.90027,
          15.1276359
        ],
        "sourceHandle": "15EB6",
        "geometrySource": "CAD-DXF-EXTRACT-NUMBER-LAYER",
        "status": "UNKNOWN"
      }
    },
    {
      "type": "Feature",
      "id": 145,
      "geometry": {
        "type": "Polygon",
        "coordinates": [
          [
            [
              76.9002141,
              15.1276766
            ],
            [
              76.9003258,
              15.1276766
            ],
            [
              76.9003258,
              15.1277579
            ],
            [
              76.9002141,
              15.1277579
            ],
            [
              76.9002141,
              15.1276766
            ]
          ]
        ]
      },
      "properties": {
        "plotNumber": 145,
        "block": "Block C",
        "areaSqM": 108,
        "areaSqFt": 1162.5,
        "frontageM": 12,
        "depthM": 9,
        "dimensions": "12m x 9m",
        "centroidCad": [
          26698.87,
          1646.83
        ],
        "centroidWgs84": [
          76.90027,
          15.1277172
        ],
        "sourceHandle": "15EB3",
        "geometrySource": "CAD-DXF-EXTRACT-NUMBER-LAYER",
        "status": "UNKNOWN"
      }
    },
    {
      "type": "Feature",
      "id": 146,
      "geometry": {
        "type": "Polygon",
        "coordinates": [
          [
            [
              76.9002141,
              15.1277579
            ],
            [
              76.9003258,
              15.1277579
            ],
            [
              76.9003258,
              15.1278357
            ],
            [
              76.9002141,
              15.1278357
            ],
            [
              76.9002141,
              15.1277579
            ]
          ]
        ]
      },
      "properties": {
        "plotNumber": 146,
        "block": "Block C",
        "areaSqM": 103.2,
        "areaSqFt": 1110.8,
        "frontageM": 12,
        "depthM": 8.6,
        "dimensions": "12m x 8.6m",
        "centroidCad": [
          26698.87,
          1655.63
        ],
        "centroidWgs84": [
          76.90027,
          15.1277968
        ],
        "sourceHandle": "16134",
        "geometrySource": "CAD-DXF-EXTRACT-NUMBER-LAYER",
        "status": "UNKNOWN"
      }
    },
    {
      "type": "Feature",
      "id": 147,
      "geometry": {
        "type": "Polygon",
        "coordinates": [
          [
            [
              76.9000187,
              15.1277579
            ],
            [
              76.9001304,
              15.1277579
            ],
            [
              76.9001304,
              15.1278357
            ],
            [
              76.9000187,
              15.1278357
            ],
            [
              76.9000187,
              15.1277579
            ]
          ]
        ]
      },
      "properties": {
        "plotNumber": 147,
        "block": "Block B",
        "areaSqM": 103.2,
        "areaSqFt": 1110.8,
        "frontageM": 12,
        "depthM": 8.6,
        "dimensions": "12m x 8.6m",
        "centroidCad": [
          26677.87,
          1655.63
        ],
        "centroidWgs84": [
          76.9000745,
          15.1277968
        ],
        "sourceHandle": "16136",
        "geometrySource": "CAD-DXF-EXTRACT-NUMBER-LAYER",
        "status": "UNKNOWN"
      }
    },
    {
      "type": "Feature",
      "id": 148,
      "geometry": {
        "type": "Polygon",
        "coordinates": [
          [
            [
              76.9000187,
              15.1276766
            ],
            [
              76.9001304,
              15.1276766
            ],
            [
              76.9001304,
              15.1277579
            ],
            [
              76.9000187,
              15.1277579
            ],
            [
              76.9000187,
              15.1276766
            ]
          ]
        ]
      },
      "properties": {
        "plotNumber": 148,
        "block": "Block B",
        "areaSqM": 108,
        "areaSqFt": 1162.5,
        "frontageM": 12,
        "depthM": 9,
        "dimensions": "12m x 9m",
        "centroidCad": [
          26677.87,
          1646.83
        ],
        "centroidWgs84": [
          76.9000745,
          15.1277172
        ],
        "sourceHandle": "16123",
        "geometrySource": "CAD-DXF-EXTRACT-NUMBER-LAYER",
        "status": "UNKNOWN"
      }
    },
    {
      "type": "Feature",
      "id": 149,
      "geometry": {
        "type": "Polygon",
        "coordinates": [
          [
            [
              76.9000187,
              15.1275952
            ],
            [
              76.9001304,
              15.1275952
            ],
            [
              76.9001304,
              15.1276766
            ],
            [
              76.9000187,
              15.1276766
            ],
            [
              76.9000187,
              15.1275952
            ]
          ]
        ]
      },
      "properties": {
        "plotNumber": 149,
        "block": "Block B",
        "areaSqM": 108,
        "areaSqFt": 1162.5,
        "frontageM": 12,
        "depthM": 9,
        "dimensions": "12m x 9m",
        "centroidCad": [
          26677.87,
          1637.83
        ],
        "centroidWgs84": [
          76.9000745,
          15.1276359
        ],
        "sourceHandle": "16121",
        "geometrySource": "CAD-DXF-EXTRACT-NUMBER-LAYER",
        "status": "UNKNOWN"
      }
    },
    {
      "type": "Feature",
      "id": 150,
      "geometry": {
        "type": "Polygon",
        "coordinates": [
          [
            [
              76.9000187,
              15.1275138
            ],
            [
              76.9001304,
              15.1275138
            ],
            [
              76.9001304,
              15.1275952
            ],
            [
              76.9000187,
              15.1275952
            ],
            [
              76.9000187,
              15.1275138
            ]
          ]
        ]
      },
      "properties": {
        "plotNumber": 150,
        "block": "Block B",
        "areaSqM": 108,
        "areaSqFt": 1162.5,
        "frontageM": 12,
        "depthM": 9,
        "dimensions": "12m x 9m",
        "centroidCad": [
          26677.87,
          1628.83
        ],
        "centroidWgs84": [
          76.9000745,
          15.1275545
        ],
        "sourceHandle": "1611F",
        "geometrySource": "CAD-DXF-EXTRACT-NUMBER-LAYER",
        "status": "UNKNOWN"
      }
    },
    {
      "type": "Feature",
      "id": 151,
      "geometry": {
        "type": "Polygon",
        "coordinates": [
          [
            [
              76.9000187,
              15.1274324
            ],
            [
              76.9001304,
              15.1274324
            ],
            [
              76.9001304,
              15.1275138
            ],
            [
              76.9000187,
              15.1275138
            ],
            [
              76.9000187,
              15.1274324
            ]
          ]
        ]
      },
      "properties": {
        "plotNumber": 151,
        "block": "Block B",
        "areaSqM": 108,
        "areaSqFt": 1162.5,
        "frontageM": 12,
        "depthM": 9,
        "dimensions": "12m x 9m",
        "centroidCad": [
          26677.87,
          1619.83
        ],
        "centroidWgs84": [
          76.9000745,
          15.1274731
        ],
        "sourceHandle": "1611D",
        "geometrySource": "CAD-DXF-EXTRACT-NUMBER-LAYER",
        "status": "UNKNOWN"
      }
    },
    {
      "type": "Feature",
      "id": 152,
      "geometry": {
        "type": "Polygon",
        "coordinates": [
          [
            [
              76.9000187,
              15.1273511
            ],
            [
              76.9001304,
              15.1273511
            ],
            [
              76.9001304,
              15.1274324
            ],
            [
              76.9000187,
              15.1274324
            ],
            [
              76.9000187,
              15.1273511
            ]
          ]
        ]
      },
      "properties": {
        "plotNumber": 152,
        "block": "Block B",
        "areaSqM": 108,
        "areaSqFt": 1162.5,
        "frontageM": 12,
        "depthM": 9,
        "dimensions": "12m x 9m",
        "centroidCad": [
          26677.87,
          1610.83
        ],
        "centroidWgs84": [
          76.9000745,
          15.1273917
        ],
        "sourceHandle": "1611B",
        "geometrySource": "CAD-DXF-EXTRACT-NUMBER-LAYER",
        "status": "UNKNOWN"
      }
    },
    {
      "type": "Feature",
      "id": 153,
      "geometry": {
        "type": "Polygon",
        "coordinates": [
          [
            [
              76.9000187,
              15.1272697
            ],
            [
              76.9001304,
              15.1272697
            ],
            [
              76.9001304,
              15.1273511
            ],
            [
              76.9000187,
              15.1273511
            ],
            [
              76.9000187,
              15.1272697
            ]
          ]
        ]
      },
      "properties": {
        "plotNumber": 153,
        "block": "Block B",
        "areaSqM": 108,
        "areaSqFt": 1162.5,
        "frontageM": 12,
        "depthM": 9,
        "dimensions": "12m x 9m",
        "centroidCad": [
          26677.87,
          1601.83
        ],
        "centroidWgs84": [
          76.9000745,
          15.1273104
        ],
        "sourceHandle": "160E5",
        "geometrySource": "CAD-DXF-EXTRACT-NUMBER-LAYER",
        "status": "UNKNOWN"
      }
    },
    {
      "type": "Feature",
      "id": 154,
      "geometry": {
        "type": "Polygon",
        "coordinates": [
          [
            [
              76.9000187,
              15.1271883
            ],
            [
              76.9001304,
              15.1271883
            ],
            [
              76.9001304,
              15.1272697
            ],
            [
              76.9000187,
              15.1272697
            ],
            [
              76.9000187,
              15.1271883
            ]
          ]
        ]
      },
      "properties": {
        "plotNumber": 154,
        "block": "Block B",
        "areaSqM": 108,
        "areaSqFt": 1162.5,
        "frontageM": 12,
        "depthM": 9,
        "dimensions": "12m x 9m",
        "centroidCad": [
          26677.87,
          1592.83
        ],
        "centroidWgs84": [
          76.9000745,
          15.127229
        ],
        "sourceHandle": "160E7",
        "geometrySource": "CAD-DXF-EXTRACT-NUMBER-LAYER",
        "status": "UNKNOWN"
      }
    },
    {
      "type": "Feature",
      "id": 155,
      "geometry": {
        "type": "Polygon",
        "coordinates": [
          [
            [
              76.9000187,
              15.1271069
            ],
            [
              76.9001304,
              15.1271069
            ],
            [
              76.9001304,
              15.1271883
            ],
            [
              76.9000187,
              15.1271883
            ],
            [
              76.9000187,
              15.1271069
            ]
          ]
        ]
      },
      "properties": {
        "plotNumber": 155,
        "block": "Block B",
        "areaSqM": 108,
        "areaSqFt": 1162.5,
        "frontageM": 12,
        "depthM": 9,
        "dimensions": "12m x 9m",
        "centroidCad": [
          26677.87,
          1583.83
        ],
        "centroidWgs84": [
          76.9000745,
          15.1271476
        ],
        "sourceHandle": "160E9",
        "geometrySource": "CAD-DXF-EXTRACT-NUMBER-LAYER",
        "status": "UNKNOWN"
      }
    },
    {
      "type": "Feature",
      "id": 156,
      "geometry": {
        "type": "Polygon",
        "coordinates": [
          [
            [
              76.9000187,
              15.1270256
            ],
            [
              76.9001304,
              15.1270256
            ],
            [
              76.9001304,
              15.1271069
            ],
            [
              76.9000187,
              15.1271069
            ],
            [
              76.9000187,
              15.1270256
            ]
          ]
        ]
      },
      "properties": {
        "plotNumber": 156,
        "block": "Block B",
        "areaSqM": 108,
        "areaSqFt": 1162.5,
        "frontageM": 12,
        "depthM": 9,
        "dimensions": "12m x 9m",
        "centroidCad": [
          26677.87,
          1574.83
        ],
        "centroidWgs84": [
          76.9000745,
          15.1270662
        ],
        "sourceHandle": "160EB",
        "geometrySource": "CAD-DXF-EXTRACT-NUMBER-LAYER",
        "status": "UNKNOWN"
      }
    },
    {
      "type": "Feature",
      "id": 157,
      "geometry": {
        "type": "Polygon",
        "coordinates": [
          [
            [
              76.9000187,
              15.1269442
            ],
            [
              76.9001304,
              15.1269442
            ],
            [
              76.9001304,
              15.1270256
            ],
            [
              76.9000187,
              15.1270256
            ],
            [
              76.9000187,
              15.1269442
            ]
          ]
        ]
      },
      "properties": {
        "plotNumber": 157,
        "block": "Block B",
        "areaSqM": 108,
        "areaSqFt": 1162.5,
        "frontageM": 12,
        "depthM": 9,
        "dimensions": "12m x 9m",
        "centroidCad": [
          26677.87,
          1565.83
        ],
        "centroidWgs84": [
          76.9000745,
          15.1269849
        ],
        "sourceHandle": "160ED",
        "geometrySource": "CAD-DXF-EXTRACT-NUMBER-LAYER",
        "status": "UNKNOWN"
      }
    },
    {
      "type": "Feature",
      "id": 158,
      "geometry": {
        "type": "Polygon",
        "coordinates": [
          [
            [
              76.9000187,
              15.1268628
            ],
            [
              76.9001304,
              15.1268628
            ],
            [
              76.9001304,
              15.1269442
            ],
            [
              76.9000187,
              15.1269442
            ],
            [
              76.9000187,
              15.1268628
            ]
          ]
        ]
      },
      "properties": {
        "plotNumber": 158,
        "block": "Block B",
        "areaSqM": 108,
        "areaSqFt": 1162.5,
        "frontageM": 12,
        "depthM": 9,
        "dimensions": "12m x 9m",
        "centroidCad": [
          26677.87,
          1556.83
        ],
        "centroidWgs84": [
          76.9000745,
          15.1269035
        ],
        "sourceHandle": "160EF",
        "geometrySource": "CAD-DXF-EXTRACT-NUMBER-LAYER",
        "status": "UNKNOWN"
      }
    },
    {
      "type": "Feature",
      "id": 159,
      "geometry": {
        "type": "Polygon",
        "coordinates": [
          [
            [
              76.9000187,
              15.1267814
            ],
            [
              76.9001304,
              15.1267814
            ],
            [
              76.9001304,
              15.1268628
            ],
            [
              76.9000187,
              15.1268628
            ],
            [
              76.9000187,
              15.1267814
            ]
          ]
        ]
      },
      "properties": {
        "plotNumber": 159,
        "block": "Block B",
        "areaSqM": 108,
        "areaSqFt": 1162.5,
        "frontageM": 12,
        "depthM": 9,
        "dimensions": "12m x 9m",
        "centroidCad": [
          26677.87,
          1547.83
        ],
        "centroidWgs84": [
          76.9000745,
          15.1268221
        ],
        "sourceHandle": "160F1",
        "geometrySource": "CAD-DXF-EXTRACT-NUMBER-LAYER",
        "status": "UNKNOWN"
      }
    },
    {
      "type": "Feature",
      "id": 160,
      "geometry": {
        "type": "Polygon",
        "coordinates": [
          [
            [
              76.9000187,
              15.1267001
            ],
            [
              76.9001304,
              15.1267001
            ],
            [
              76.9001304,
              15.1267814
            ],
            [
              76.9000187,
              15.1267814
            ],
            [
              76.9000187,
              15.1267001
            ]
          ]
        ]
      },
      "properties": {
        "plotNumber": 160,
        "block": "Block B",
        "areaSqM": 108,
        "areaSqFt": 1162.5,
        "frontageM": 12,
        "depthM": 9,
        "dimensions": "12m x 9m",
        "centroidCad": [
          26677.87,
          1538.83
        ],
        "centroidWgs84": [
          76.9000745,
          15.1267407
        ],
        "sourceHandle": "160F3",
        "geometrySource": "CAD-DXF-EXTRACT-NUMBER-LAYER",
        "status": "UNKNOWN"
      }
    },
    {
      "type": "Feature",
      "id": 161,
      "geometry": {
        "type": "Polygon",
        "coordinates": [
          [
            [
              76.9000187,
              15.1266187
            ],
            [
              76.9001304,
              15.1266187
            ],
            [
              76.9001304,
              15.1267001
            ],
            [
              76.9000187,
              15.1267001
            ],
            [
              76.9000187,
              15.1266187
            ]
          ]
        ]
      },
      "properties": {
        "plotNumber": 161,
        "block": "Block B",
        "areaSqM": 108,
        "areaSqFt": 1162.5,
        "frontageM": 12,
        "depthM": 9,
        "dimensions": "12m x 9m",
        "centroidCad": [
          26677.87,
          1529.83
        ],
        "centroidWgs84": [
          76.9000745,
          15.1266594
        ],
        "sourceHandle": "160F5",
        "geometrySource": "CAD-DXF-EXTRACT-NUMBER-LAYER",
        "status": "UNKNOWN"
      }
    },
    {
      "type": "Feature",
      "id": 162,
      "geometry": {
        "type": "Polygon",
        "coordinates": [
          [
            [
              76.9000187,
              15.1265102
            ],
            [
              76.9001304,
              15.1265102
            ],
            [
              76.9001304,
              15.1266187
            ],
            [
              76.9000187,
              15.1266187
            ],
            [
              76.9000187,
              15.1265102
            ]
          ]
        ]
      },
      "properties": {
        "plotNumber": 162,
        "block": "Block B",
        "areaSqM": 144,
        "areaSqFt": 1550,
        "frontageM": 12,
        "depthM": 12,
        "dimensions": "12m x 12m",
        "centroidCad": [
          26677.87,
          1519.33
        ],
        "centroidWgs84": [
          76.9000745,
          15.1265644
        ],
        "sourceHandle": "160F7",
        "geometrySource": "CAD-DXF-EXTRACT-NUMBER-LAYER",
        "status": "UNKNOWN"
      }
    },
    {
      "type": "Feature",
      "id": 163,
      "geometry": {
        "type": "Polygon",
        "coordinates": [
          [
            [
              76.899907,
              15.1265102
            ],
            [
              76.9000187,
              15.1265102
            ],
            [
              76.9000187,
              15.1266187
            ],
            [
              76.899907,
              15.1266187
            ],
            [
              76.899907,
              15.1265102
            ]
          ]
        ]
      },
      "properties": {
        "plotNumber": 163,
        "block": "Block B",
        "areaSqM": 144,
        "areaSqFt": 1550,
        "frontageM": 12,
        "depthM": 12,
        "dimensions": "12m x 12m",
        "centroidCad": [
          26665.87,
          1519.33
        ],
        "centroidWgs84": [
          76.8999629,
          15.1265644
        ],
        "sourceHandle": "160F8",
        "geometrySource": "CAD-DXF-EXTRACT-NUMBER-LAYER",
        "status": "UNKNOWN"
      }
    },
    {
      "type": "Feature",
      "id": 164,
      "geometry": {
        "type": "Polygon",
        "coordinates": [
          [
            [
              76.899907,
              15.1266187
            ],
            [
              76.9000187,
              15.1266187
            ],
            [
              76.9000187,
              15.1267001
            ],
            [
              76.899907,
              15.1267001
            ],
            [
              76.899907,
              15.1266187
            ]
          ]
        ]
      },
      "properties": {
        "plotNumber": 164,
        "block": "Block B",
        "areaSqM": 108,
        "areaSqFt": 1162.5,
        "frontageM": 12,
        "depthM": 9,
        "dimensions": "12m x 9m",
        "centroidCad": [
          26665.87,
          1529.83
        ],
        "centroidWgs84": [
          76.8999629,
          15.1266594
        ],
        "sourceHandle": "160F6",
        "geometrySource": "CAD-DXF-EXTRACT-NUMBER-LAYER",
        "status": "UNKNOWN"
      }
    },
    {
      "type": "Feature",
      "id": 165,
      "geometry": {
        "type": "Polygon",
        "coordinates": [
          [
            [
              76.899907,
              15.1267001
            ],
            [
              76.9000187,
              15.1267001
            ],
            [
              76.9000187,
              15.1267814
            ],
            [
              76.899907,
              15.1267814
            ],
            [
              76.899907,
              15.1267001
            ]
          ]
        ]
      },
      "properties": {
        "plotNumber": 165,
        "block": "Block B",
        "areaSqM": 108,
        "areaSqFt": 1162.5,
        "frontageM": 12,
        "depthM": 9,
        "dimensions": "12m x 9m",
        "centroidCad": [
          26665.87,
          1538.83
        ],
        "centroidWgs84": [
          76.8999629,
          15.1267407
        ],
        "sourceHandle": "160F4",
        "geometrySource": "CAD-DXF-EXTRACT-NUMBER-LAYER",
        "status": "UNKNOWN"
      }
    },
    {
      "type": "Feature",
      "id": 166,
      "geometry": {
        "type": "Polygon",
        "coordinates": [
          [
            [
              76.899907,
              15.1267814
            ],
            [
              76.9000187,
              15.1267814
            ],
            [
              76.9000187,
              15.1268628
            ],
            [
              76.899907,
              15.1268628
            ],
            [
              76.899907,
              15.1267814
            ]
          ]
        ]
      },
      "properties": {
        "plotNumber": 166,
        "block": "Block B",
        "areaSqM": 108,
        "areaSqFt": 1162.5,
        "frontageM": 12,
        "depthM": 9,
        "dimensions": "12m x 9m",
        "centroidCad": [
          26665.87,
          1547.83
        ],
        "centroidWgs84": [
          76.8999629,
          15.1268221
        ],
        "sourceHandle": "160F2",
        "geometrySource": "CAD-DXF-EXTRACT-NUMBER-LAYER",
        "status": "UNKNOWN"
      }
    },
    {
      "type": "Feature",
      "id": 167,
      "geometry": {
        "type": "Polygon",
        "coordinates": [
          [
            [
              76.899907,
              15.1268628
            ],
            [
              76.9000187,
              15.1268628
            ],
            [
              76.9000187,
              15.1269442
            ],
            [
              76.899907,
              15.1269442
            ],
            [
              76.899907,
              15.1268628
            ]
          ]
        ]
      },
      "properties": {
        "plotNumber": 167,
        "block": "Block B",
        "areaSqM": 108,
        "areaSqFt": 1162.5,
        "frontageM": 12,
        "depthM": 9,
        "dimensions": "12m x 9m",
        "centroidCad": [
          26665.87,
          1556.83
        ],
        "centroidWgs84": [
          76.8999629,
          15.1269035
        ],
        "sourceHandle": "160F0",
        "geometrySource": "CAD-DXF-EXTRACT-NUMBER-LAYER",
        "status": "UNKNOWN"
      }
    },
    {
      "type": "Feature",
      "id": 168,
      "geometry": {
        "type": "Polygon",
        "coordinates": [
          [
            [
              76.899907,
              15.1269442
            ],
            [
              76.9000187,
              15.1269442
            ],
            [
              76.9000187,
              15.1270256
            ],
            [
              76.899907,
              15.1270256
            ],
            [
              76.899907,
              15.1269442
            ]
          ]
        ]
      },
      "properties": {
        "plotNumber": 168,
        "block": "Block B",
        "areaSqM": 108,
        "areaSqFt": 1162.5,
        "frontageM": 12,
        "depthM": 9,
        "dimensions": "12m x 9m",
        "centroidCad": [
          26665.87,
          1565.83
        ],
        "centroidWgs84": [
          76.8999629,
          15.1269849
        ],
        "sourceHandle": "160EE",
        "geometrySource": "CAD-DXF-EXTRACT-NUMBER-LAYER",
        "status": "UNKNOWN"
      }
    },
    {
      "type": "Feature",
      "id": 169,
      "geometry": {
        "type": "Polygon",
        "coordinates": [
          [
            [
              76.899907,
              15.1270256
            ],
            [
              76.9000187,
              15.1270256
            ],
            [
              76.9000187,
              15.1271069
            ],
            [
              76.899907,
              15.1271069
            ],
            [
              76.899907,
              15.1270256
            ]
          ]
        ]
      },
      "properties": {
        "plotNumber": 169,
        "block": "Block B",
        "areaSqM": 108,
        "areaSqFt": 1162.5,
        "frontageM": 12,
        "depthM": 9,
        "dimensions": "12m x 9m",
        "centroidCad": [
          26665.87,
          1574.83
        ],
        "centroidWgs84": [
          76.8999629,
          15.1270662
        ],
        "sourceHandle": "160EC",
        "geometrySource": "CAD-DXF-EXTRACT-NUMBER-LAYER",
        "status": "UNKNOWN"
      }
    },
    {
      "type": "Feature",
      "id": 170,
      "geometry": {
        "type": "Polygon",
        "coordinates": [
          [
            [
              76.899907,
              15.1271069
            ],
            [
              76.9000187,
              15.1271069
            ],
            [
              76.9000187,
              15.1271883
            ],
            [
              76.899907,
              15.1271883
            ],
            [
              76.899907,
              15.1271069
            ]
          ]
        ]
      },
      "properties": {
        "plotNumber": 170,
        "block": "Block B",
        "areaSqM": 108,
        "areaSqFt": 1162.5,
        "frontageM": 12,
        "depthM": 9,
        "dimensions": "12m x 9m",
        "centroidCad": [
          26665.87,
          1583.83
        ],
        "centroidWgs84": [
          76.8999629,
          15.1271476
        ],
        "sourceHandle": "160EA",
        "geometrySource": "CAD-DXF-EXTRACT-NUMBER-LAYER",
        "status": "UNKNOWN"
      }
    },
    {
      "type": "Feature",
      "id": 171,
      "geometry": {
        "type": "Polygon",
        "coordinates": [
          [
            [
              76.899907,
              15.1271883
            ],
            [
              76.9000187,
              15.1271883
            ],
            [
              76.9000187,
              15.1272697
            ],
            [
              76.899907,
              15.1272697
            ],
            [
              76.899907,
              15.1271883
            ]
          ]
        ]
      },
      "properties": {
        "plotNumber": 171,
        "block": "Block B",
        "areaSqM": 108,
        "areaSqFt": 1162.5,
        "frontageM": 12,
        "depthM": 9,
        "dimensions": "12m x 9m",
        "centroidCad": [
          26665.87,
          1592.83
        ],
        "centroidWgs84": [
          76.8999629,
          15.127229
        ],
        "sourceHandle": "160E8",
        "geometrySource": "CAD-DXF-EXTRACT-NUMBER-LAYER",
        "status": "UNKNOWN"
      }
    },
    {
      "type": "Feature",
      "id": 172,
      "geometry": {
        "type": "Polygon",
        "coordinates": [
          [
            [
              76.899907,
              15.1272697
            ],
            [
              76.9000187,
              15.1272697
            ],
            [
              76.9000187,
              15.1273511
            ],
            [
              76.899907,
              15.1273511
            ],
            [
              76.899907,
              15.1272697
            ]
          ]
        ]
      },
      "properties": {
        "plotNumber": 172,
        "block": "Block B",
        "areaSqM": 108,
        "areaSqFt": 1162.5,
        "frontageM": 12,
        "depthM": 9,
        "dimensions": "12m x 9m",
        "centroidCad": [
          26665.87,
          1601.83
        ],
        "centroidWgs84": [
          76.8999629,
          15.1273104
        ],
        "sourceHandle": "160E6",
        "geometrySource": "CAD-DXF-EXTRACT-NUMBER-LAYER",
        "status": "UNKNOWN"
      }
    },
    {
      "type": "Feature",
      "id": 173,
      "geometry": {
        "type": "Polygon",
        "coordinates": [
          [
            [
              76.899907,
              15.1273511
            ],
            [
              76.9000187,
              15.1273511
            ],
            [
              76.9000187,
              15.1274324
            ],
            [
              76.899907,
              15.1274324
            ],
            [
              76.899907,
              15.1273511
            ]
          ]
        ]
      },
      "properties": {
        "plotNumber": 173,
        "block": "Block B",
        "areaSqM": 108,
        "areaSqFt": 1162.5,
        "frontageM": 12,
        "depthM": 9,
        "dimensions": "12m x 9m",
        "centroidCad": [
          26665.87,
          1610.83
        ],
        "centroidWgs84": [
          76.8999629,
          15.1273917
        ],
        "sourceHandle": "1611C",
        "geometrySource": "CAD-DXF-EXTRACT-NUMBER-LAYER",
        "status": "UNKNOWN"
      }
    },
    {
      "type": "Feature",
      "id": 174,
      "geometry": {
        "type": "Polygon",
        "coordinates": [
          [
            [
              76.899907,
              15.1274324
            ],
            [
              76.9000187,
              15.1274324
            ],
            [
              76.9000187,
              15.1275138
            ],
            [
              76.899907,
              15.1275138
            ],
            [
              76.899907,
              15.1274324
            ]
          ]
        ]
      },
      "properties": {
        "plotNumber": 174,
        "block": "Block B",
        "areaSqM": 108,
        "areaSqFt": 1162.5,
        "frontageM": 12,
        "depthM": 9,
        "dimensions": "12m x 9m",
        "centroidCad": [
          26665.87,
          1619.83
        ],
        "centroidWgs84": [
          76.8999629,
          15.1274731
        ],
        "sourceHandle": "1611E",
        "geometrySource": "CAD-DXF-EXTRACT-NUMBER-LAYER",
        "status": "UNKNOWN"
      }
    },
    {
      "type": "Feature",
      "id": 175,
      "geometry": {
        "type": "Polygon",
        "coordinates": [
          [
            [
              76.899907,
              15.1275138
            ],
            [
              76.9000187,
              15.1275138
            ],
            [
              76.9000187,
              15.1275952
            ],
            [
              76.899907,
              15.1275952
            ],
            [
              76.899907,
              15.1275138
            ]
          ]
        ]
      },
      "properties": {
        "plotNumber": 175,
        "block": "Block B",
        "areaSqM": 108,
        "areaSqFt": 1162.5,
        "frontageM": 12,
        "depthM": 9,
        "dimensions": "12m x 9m",
        "centroidCad": [
          26665.87,
          1628.83
        ],
        "centroidWgs84": [
          76.8999629,
          15.1275545
        ],
        "sourceHandle": "16120",
        "geometrySource": "CAD-DXF-EXTRACT-NUMBER-LAYER",
        "status": "UNKNOWN"
      }
    },
    {
      "type": "Feature",
      "id": 176,
      "geometry": {
        "type": "Polygon",
        "coordinates": [
          [
            [
              76.899907,
              15.1275952
            ],
            [
              76.9000187,
              15.1275952
            ],
            [
              76.9000187,
              15.1276766
            ],
            [
              76.899907,
              15.1276766
            ],
            [
              76.899907,
              15.1275952
            ]
          ]
        ]
      },
      "properties": {
        "plotNumber": 176,
        "block": "Block B",
        "areaSqM": 108,
        "areaSqFt": 1162.5,
        "frontageM": 12,
        "depthM": 9,
        "dimensions": "12m x 9m",
        "centroidCad": [
          26665.87,
          1637.83
        ],
        "centroidWgs84": [
          76.8999629,
          15.1276359
        ],
        "sourceHandle": "16122",
        "geometrySource": "CAD-DXF-EXTRACT-NUMBER-LAYER",
        "status": "UNKNOWN"
      }
    },
    {
      "type": "Feature",
      "id": 177,
      "geometry": {
        "type": "Polygon",
        "coordinates": [
          [
            [
              76.899907,
              15.1276766
            ],
            [
              76.9000187,
              15.1276766
            ],
            [
              76.9000187,
              15.1277579
            ],
            [
              76.899907,
              15.1277579
            ],
            [
              76.899907,
              15.1276766
            ]
          ]
        ]
      },
      "properties": {
        "plotNumber": 177,
        "block": "Block B",
        "areaSqM": 108,
        "areaSqFt": 1162.5,
        "frontageM": 12,
        "depthM": 9,
        "dimensions": "12m x 9m",
        "centroidCad": [
          26665.87,
          1646.83
        ],
        "centroidWgs84": [
          76.8999629,
          15.1277172
        ],
        "sourceHandle": "16124",
        "geometrySource": "CAD-DXF-EXTRACT-NUMBER-LAYER",
        "status": "UNKNOWN"
      }
    },
    {
      "type": "Feature",
      "id": 178,
      "geometry": {
        "type": "Polygon",
        "coordinates": [
          [
            [
              76.899907,
              15.1277579
            ],
            [
              76.9000187,
              15.1277579
            ],
            [
              76.9000187,
              15.1278357
            ],
            [
              76.899907,
              15.1278357
            ],
            [
              76.899907,
              15.1277579
            ]
          ]
        ]
      },
      "properties": {
        "plotNumber": 178,
        "block": "Block B",
        "areaSqM": 103.2,
        "areaSqFt": 1110.8,
        "frontageM": 12,
        "depthM": 8.6,
        "dimensions": "12m x 8.6m",
        "centroidCad": [
          26665.87,
          1655.63
        ],
        "centroidWgs84": [
          76.8999629,
          15.1277968
        ],
        "sourceHandle": "16137",
        "geometrySource": "CAD-DXF-EXTRACT-NUMBER-LAYER",
        "status": "UNKNOWN"
      }
    },
    {
      "type": "Feature",
      "id": 179,
      "geometry": {
        "type": "Polygon",
        "coordinates": [
          [
            [
              76.8997116,
              15.1277579
            ],
            [
              76.8998233,
              15.1277579
            ],
            [
              76.8998233,
              15.1278357
            ],
            [
              76.8997116,
              15.1278357
            ],
            [
              76.8997116,
              15.1277579
            ]
          ]
        ]
      },
      "properties": {
        "plotNumber": 179,
        "block": "Block A",
        "areaSqM": 103.2,
        "areaSqFt": 1110.8,
        "frontageM": 12,
        "depthM": 8.6,
        "dimensions": "12m x 8.6m",
        "centroidCad": [
          26644.87,
          1655.63
        ],
        "centroidWgs84": [
          76.8997675,
          15.1277968
        ],
        "sourceHandle": "16135",
        "geometrySource": "CAD-DXF-EXTRACT-NUMBER-LAYER",
        "status": "UNKNOWN"
      }
    },
    {
      "type": "Feature",
      "id": 180,
      "geometry": {
        "type": "Polygon",
        "coordinates": [
          [
            [
              76.8997116,
              15.1276766
            ],
            [
              76.8998233,
              15.1276766
            ],
            [
              76.8998233,
              15.1277579
            ],
            [
              76.8997116,
              15.1277579
            ],
            [
              76.8997116,
              15.1276766
            ]
          ]
        ]
      },
      "properties": {
        "plotNumber": 180,
        "block": "Block A",
        "areaSqM": 108,
        "areaSqFt": 1162.5,
        "frontageM": 12,
        "depthM": 9,
        "dimensions": "12m x 9m",
        "centroidCad": [
          26644.87,
          1646.83
        ],
        "centroidWgs84": [
          76.8997675,
          15.1277172
        ],
        "sourceHandle": "15EB4",
        "geometrySource": "CAD-DXF-EXTRACT-NUMBER-LAYER",
        "status": "UNKNOWN"
      }
    },
    {
      "type": "Feature",
      "id": 181,
      "geometry": {
        "type": "Polygon",
        "coordinates": [
          [
            [
              76.8997116,
              15.1275952
            ],
            [
              76.8998233,
              15.1275952
            ],
            [
              76.8998233,
              15.1276766
            ],
            [
              76.8997116,
              15.1276766
            ],
            [
              76.8997116,
              15.1275952
            ]
          ]
        ]
      },
      "properties": {
        "plotNumber": 181,
        "block": "Block A",
        "areaSqM": 108,
        "areaSqFt": 1162.5,
        "frontageM": 12,
        "depthM": 9,
        "dimensions": "12m x 9m",
        "centroidCad": [
          26644.87,
          1637.83
        ],
        "centroidWgs84": [
          76.8997675,
          15.1276359
        ],
        "sourceHandle": "15EB7",
        "geometrySource": "CAD-DXF-EXTRACT-NUMBER-LAYER",
        "status": "UNKNOWN"
      }
    },
    {
      "type": "Feature",
      "id": 182,
      "geometry": {
        "type": "Polygon",
        "coordinates": [
          [
            [
              76.8997116,
              15.1275138
            ],
            [
              76.8998233,
              15.1275138
            ],
            [
              76.8998233,
              15.1275952
            ],
            [
              76.8997116,
              15.1275952
            ],
            [
              76.8997116,
              15.1275138
            ]
          ]
        ]
      },
      "properties": {
        "plotNumber": 182,
        "block": "Block A",
        "areaSqM": 108,
        "areaSqFt": 1162.5,
        "frontageM": 12,
        "depthM": 9,
        "dimensions": "12m x 9m",
        "centroidCad": [
          26644.87,
          1628.83
        ],
        "centroidWgs84": [
          76.8997675,
          15.1275545
        ],
        "sourceHandle": "15EBA",
        "geometrySource": "CAD-DXF-EXTRACT-NUMBER-LAYER",
        "status": "UNKNOWN"
      }
    },
    {
      "type": "Feature",
      "id": 183,
      "geometry": {
        "type": "Polygon",
        "coordinates": [
          [
            [
              76.8997116,
              15.1274324
            ],
            [
              76.8998233,
              15.1274324
            ],
            [
              76.8998233,
              15.1275138
            ],
            [
              76.8997116,
              15.1275138
            ],
            [
              76.8997116,
              15.1274324
            ]
          ]
        ]
      },
      "properties": {
        "plotNumber": 183,
        "block": "Block A",
        "areaSqM": 108,
        "areaSqFt": 1162.5,
        "frontageM": 12,
        "depthM": 9,
        "dimensions": "12m x 9m",
        "centroidCad": [
          26644.87,
          1619.83
        ],
        "centroidWgs84": [
          76.8997675,
          15.1274731
        ],
        "sourceHandle": "15EBD",
        "geometrySource": "CAD-DXF-EXTRACT-NUMBER-LAYER",
        "status": "UNKNOWN"
      }
    },
    {
      "type": "Feature",
      "id": 184,
      "geometry": {
        "type": "Polygon",
        "coordinates": [
          [
            [
              76.8997116,
              15.1273511
            ],
            [
              76.8998233,
              15.1273511
            ],
            [
              76.8998233,
              15.1274324
            ],
            [
              76.8997116,
              15.1274324
            ],
            [
              76.8997116,
              15.1273511
            ]
          ]
        ]
      },
      "properties": {
        "plotNumber": 184,
        "block": "Block A",
        "areaSqM": 108,
        "areaSqFt": 1162.5,
        "frontageM": 12,
        "depthM": 9,
        "dimensions": "12m x 9m",
        "centroidCad": [
          26644.87,
          1610.83
        ],
        "centroidWgs84": [
          76.8997675,
          15.1273917
        ],
        "sourceHandle": "15EC0",
        "geometrySource": "CAD-DXF-EXTRACT-NUMBER-LAYER",
        "status": "UNKNOWN"
      }
    },
    {
      "type": "Feature",
      "id": 185,
      "geometry": {
        "type": "Polygon",
        "coordinates": [
          [
            [
              76.8997116,
              15.1272697
            ],
            [
              76.8998233,
              15.1272697
            ],
            [
              76.8998233,
              15.1273511
            ],
            [
              76.8997116,
              15.1273511
            ],
            [
              76.8997116,
              15.1272697
            ]
          ]
        ]
      },
      "properties": {
        "plotNumber": 185,
        "block": "Block A",
        "areaSqM": 108,
        "areaSqFt": 1162.5,
        "frontageM": 12,
        "depthM": 9,
        "dimensions": "12m x 9m",
        "centroidCad": [
          26644.87,
          1601.83
        ],
        "centroidWgs84": [
          76.8997675,
          15.1273104
        ],
        "sourceHandle": "15EC3",
        "geometrySource": "CAD-DXF-EXTRACT-NUMBER-LAYER",
        "status": "UNKNOWN"
      }
    },
    {
      "type": "Feature",
      "id": 186,
      "geometry": {
        "type": "Polygon",
        "coordinates": [
          [
            [
              76.8997116,
              15.1271883
            ],
            [
              76.8998233,
              15.1271883
            ],
            [
              76.8998233,
              15.1272697
            ],
            [
              76.8997116,
              15.1272697
            ],
            [
              76.8997116,
              15.1271883
            ]
          ]
        ]
      },
      "properties": {
        "plotNumber": 186,
        "block": "Block A",
        "areaSqM": 108,
        "areaSqFt": 1162.5,
        "frontageM": 12,
        "depthM": 9,
        "dimensions": "12m x 9m",
        "centroidCad": [
          26644.87,
          1592.83
        ],
        "centroidWgs84": [
          76.8997675,
          15.127229
        ],
        "sourceHandle": "15EC6",
        "geometrySource": "CAD-DXF-EXTRACT-NUMBER-LAYER",
        "status": "UNKNOWN"
      }
    },
    {
      "type": "Feature",
      "id": 187,
      "geometry": {
        "type": "Polygon",
        "coordinates": [
          [
            [
              76.8997116,
              15.1271069
            ],
            [
              76.8998233,
              15.1271069
            ],
            [
              76.8998233,
              15.1271883
            ],
            [
              76.8997116,
              15.1271883
            ],
            [
              76.8997116,
              15.1271069
            ]
          ]
        ]
      },
      "properties": {
        "plotNumber": 187,
        "block": "Block A",
        "areaSqM": 108,
        "areaSqFt": 1162.5,
        "frontageM": 12,
        "depthM": 9,
        "dimensions": "12m x 9m",
        "centroidCad": [
          26644.87,
          1583.83
        ],
        "centroidWgs84": [
          76.8997675,
          15.1271476
        ],
        "sourceHandle": "15EC9",
        "geometrySource": "CAD-DXF-EXTRACT-NUMBER-LAYER",
        "status": "UNKNOWN"
      }
    },
    {
      "type": "Feature",
      "id": 188,
      "geometry": {
        "type": "Polygon",
        "coordinates": [
          [
            [
              76.8997116,
              15.1270256
            ],
            [
              76.8998233,
              15.1270256
            ],
            [
              76.8998233,
              15.1271069
            ],
            [
              76.8997116,
              15.1271069
            ],
            [
              76.8997116,
              15.1270256
            ]
          ]
        ]
      },
      "properties": {
        "plotNumber": 188,
        "block": "Block A",
        "areaSqM": 108,
        "areaSqFt": 1162.5,
        "frontageM": 12,
        "depthM": 9,
        "dimensions": "12m x 9m",
        "centroidCad": [
          26644.87,
          1574.83
        ],
        "centroidWgs84": [
          76.8997675,
          15.1270662
        ],
        "sourceHandle": "15ECC",
        "geometrySource": "CAD-DXF-EXTRACT-NUMBER-LAYER",
        "status": "UNKNOWN"
      }
    },
    {
      "type": "Feature",
      "id": 189,
      "geometry": {
        "type": "Polygon",
        "coordinates": [
          [
            [
              76.8997116,
              15.1269442
            ],
            [
              76.8998233,
              15.1269442
            ],
            [
              76.8998233,
              15.1270256
            ],
            [
              76.8997116,
              15.1270256
            ],
            [
              76.8997116,
              15.1269442
            ]
          ]
        ]
      },
      "properties": {
        "plotNumber": 189,
        "block": "Block A",
        "areaSqM": 108,
        "areaSqFt": 1162.5,
        "frontageM": 12,
        "depthM": 9,
        "dimensions": "12m x 9m",
        "centroidCad": [
          26644.87,
          1565.83
        ],
        "centroidWgs84": [
          76.8997675,
          15.1269849
        ],
        "sourceHandle": "15ECF",
        "geometrySource": "CAD-DXF-EXTRACT-NUMBER-LAYER",
        "status": "UNKNOWN"
      }
    },
    {
      "type": "Feature",
      "id": 190,
      "geometry": {
        "type": "Polygon",
        "coordinates": [
          [
            [
              76.8997116,
              15.1268628
            ],
            [
              76.8998233,
              15.1268628
            ],
            [
              76.8998233,
              15.1269442
            ],
            [
              76.8997116,
              15.1269442
            ],
            [
              76.8997116,
              15.1268628
            ]
          ]
        ]
      },
      "properties": {
        "plotNumber": 190,
        "block": "Block A",
        "areaSqM": 108,
        "areaSqFt": 1162.5,
        "frontageM": 12,
        "depthM": 9,
        "dimensions": "12m x 9m",
        "centroidCad": [
          26644.87,
          1556.83
        ],
        "centroidWgs84": [
          76.8997675,
          15.1269035
        ],
        "sourceHandle": "15ED2",
        "geometrySource": "CAD-DXF-EXTRACT-NUMBER-LAYER",
        "status": "UNKNOWN"
      }
    },
    {
      "type": "Feature",
      "id": 191,
      "geometry": {
        "type": "Polygon",
        "coordinates": [
          [
            [
              76.8997116,
              15.1267814
            ],
            [
              76.8998233,
              15.1267814
            ],
            [
              76.8998233,
              15.1268628
            ],
            [
              76.8997116,
              15.1268628
            ],
            [
              76.8997116,
              15.1267814
            ]
          ]
        ]
      },
      "properties": {
        "plotNumber": 191,
        "block": "Block A",
        "areaSqM": 108,
        "areaSqFt": 1162.5,
        "frontageM": 12,
        "depthM": 9,
        "dimensions": "12m x 9m",
        "centroidCad": [
          26644.87,
          1547.83
        ],
        "centroidWgs84": [
          76.8997675,
          15.1268221
        ],
        "sourceHandle": "15ED5",
        "geometrySource": "CAD-DXF-EXTRACT-NUMBER-LAYER",
        "status": "UNKNOWN"
      }
    },
    {
      "type": "Feature",
      "id": 192,
      "geometry": {
        "type": "Polygon",
        "coordinates": [
          [
            [
              76.8997116,
              15.1267001
            ],
            [
              76.8998233,
              15.1267001
            ],
            [
              76.8998233,
              15.1267814
            ],
            [
              76.8997116,
              15.1267814
            ],
            [
              76.8997116,
              15.1267001
            ]
          ]
        ]
      },
      "properties": {
        "plotNumber": 192,
        "block": "Block A",
        "areaSqM": 108,
        "areaSqFt": 1162.5,
        "frontageM": 12,
        "depthM": 9,
        "dimensions": "12m x 9m",
        "centroidCad": [
          26644.87,
          1538.83
        ],
        "centroidWgs84": [
          76.8997675,
          15.1267407
        ],
        "sourceHandle": "15ED8",
        "geometrySource": "CAD-DXF-EXTRACT-NUMBER-LAYER",
        "status": "UNKNOWN"
      }
    },
    {
      "type": "Feature",
      "id": 193,
      "geometry": {
        "type": "Polygon",
        "coordinates": [
          [
            [
              76.8997116,
              15.1266187
            ],
            [
              76.8998233,
              15.1266187
            ],
            [
              76.8998233,
              15.1267001
            ],
            [
              76.8997116,
              15.1267001
            ],
            [
              76.8997116,
              15.1266187
            ]
          ]
        ]
      },
      "properties": {
        "plotNumber": 193,
        "block": "Block A",
        "areaSqM": 108,
        "areaSqFt": 1162.5,
        "frontageM": 12,
        "depthM": 9,
        "dimensions": "12m x 9m",
        "centroidCad": [
          26644.87,
          1529.83
        ],
        "centroidWgs84": [
          76.8997675,
          15.1266594
        ],
        "sourceHandle": "15EDB",
        "geometrySource": "CAD-DXF-EXTRACT-NUMBER-LAYER",
        "status": "UNKNOWN"
      }
    },
    {
      "type": "Feature",
      "id": 194,
      "geometry": {
        "type": "Polygon",
        "coordinates": [
          [
            [
              76.8997116,
              15.1265102
            ],
            [
              76.8998233,
              15.1265102
            ],
            [
              76.8998233,
              15.1266187
            ],
            [
              76.8997116,
              15.1266187
            ],
            [
              76.8997116,
              15.1265102
            ]
          ]
        ]
      },
      "properties": {
        "plotNumber": 194,
        "block": "Block A",
        "areaSqM": 144,
        "areaSqFt": 1550,
        "frontageM": 12,
        "depthM": 12,
        "dimensions": "12m x 12m",
        "centroidCad": [
          26644.87,
          1519.33
        ],
        "centroidWgs84": [
          76.8997675,
          15.1265644
        ],
        "sourceHandle": "15EDE",
        "geometrySource": "CAD-DXF-EXTRACT-NUMBER-LAYER",
        "status": "UNKNOWN"
      }
    },
    {
      "type": "Feature",
      "id": 195,
      "geometry": {
        "type": "Polygon",
        "coordinates": [
          [
            [
              76.9014815,
              15.1262928
            ],
            [
              76.9015923,
              15.1262928
            ],
            [
              76.9015923,
              15.1264013
            ],
            [
              76.9014815,
              15.1264013
            ],
            [
              76.9014815,
              15.1262928
            ]
          ]
        ]
      },
      "properties": {
        "plotNumber": 195,
        "block": "Block G",
        "areaSqM": 142.8,
        "areaSqFt": 1537.1,
        "frontageM": 11.9,
        "depthM": 12,
        "dimensions": "11.9m x 12m",
        "centroidCad": [
          26835.02,
          1495.29
        ],
        "centroidWgs84": [
          76.9015369,
          15.1263471
        ],
        "sourceHandle": "15EEB",
        "geometrySource": "CAD-DXF-EXTRACT-NUMBER-LAYER",
        "status": "UNKNOWN"
      }
    },
    {
      "type": "Feature",
      "id": 196,
      "geometry": {
        "type": "Polygon",
        "coordinates": [
          [
            [
              76.9014815,
              15.1262115
            ],
            [
              76.9015923,
              15.1262115
            ],
            [
              76.9015923,
              15.1262928
            ],
            [
              76.9014815,
              15.1262928
            ],
            [
              76.9014815,
              15.1262115
            ]
          ]
        ]
      },
      "properties": {
        "plotNumber": 196,
        "block": "Block G",
        "areaSqM": 107.1,
        "areaSqFt": 1152.8,
        "frontageM": 11.9,
        "depthM": 9,
        "dimensions": "11.9m x 9m",
        "centroidCad": [
          26835.02,
          1484.79
        ],
        "centroidWgs84": [
          76.9015369,
          15.1262521
        ],
        "sourceHandle": "15EEC",
        "geometrySource": "CAD-DXF-EXTRACT-NUMBER-LAYER",
        "status": "UNKNOWN"
      }
    },
    {
      "type": "Feature",
      "id": 197,
      "geometry": {
        "type": "Polygon",
        "coordinates": [
          [
            [
              76.9014815,
              15.1261301
            ],
            [
              76.9015923,
              15.1261301
            ],
            [
              76.9015923,
              15.1262115
            ],
            [
              76.9014815,
              15.1262115
            ],
            [
              76.9014815,
              15.1261301
            ]
          ]
        ]
      },
      "properties": {
        "plotNumber": 197,
        "block": "Block G",
        "areaSqM": 107.1,
        "areaSqFt": 1152.8,
        "frontageM": 11.9,
        "depthM": 9,
        "dimensions": "11.9m x 9m",
        "centroidCad": [
          26835.02,
          1475.79
        ],
        "centroidWgs84": [
          76.9015369,
          15.1261708
        ],
        "sourceHandle": "15EED",
        "geometrySource": "CAD-DXF-EXTRACT-NUMBER-LAYER",
        "status": "UNKNOWN"
      }
    },
    {
      "type": "Feature",
      "id": 198,
      "geometry": {
        "type": "Polygon",
        "coordinates": [
          [
            [
              76.9014815,
              15.1260487
            ],
            [
              76.9015923,
              15.1260487
            ],
            [
              76.9015923,
              15.1261301
            ],
            [
              76.9014815,
              15.1261301
            ],
            [
              76.9014815,
              15.1260487
            ]
          ]
        ]
      },
      "properties": {
        "plotNumber": 198,
        "block": "Block G",
        "areaSqM": 107.1,
        "areaSqFt": 1152.8,
        "frontageM": 11.9,
        "depthM": 9,
        "dimensions": "11.9m x 9m",
        "centroidCad": [
          26835.02,
          1466.79
        ],
        "centroidWgs84": [
          76.9015369,
          15.1260894
        ],
        "sourceHandle": "15EEE",
        "geometrySource": "CAD-DXF-EXTRACT-NUMBER-LAYER",
        "status": "UNKNOWN"
      }
    },
    {
      "type": "Feature",
      "id": 199,
      "geometry": {
        "type": "Polygon",
        "coordinates": [
          [
            [
              76.9014815,
              15.1259673
            ],
            [
              76.9015923,
              15.1259673
            ],
            [
              76.9015923,
              15.1260487
            ],
            [
              76.9014815,
              15.1260487
            ],
            [
              76.9014815,
              15.1259673
            ]
          ]
        ]
      },
      "properties": {
        "plotNumber": 199,
        "block": "Block G",
        "areaSqM": 107.1,
        "areaSqFt": 1152.8,
        "frontageM": 11.9,
        "depthM": 9,
        "dimensions": "11.9m x 9m",
        "centroidCad": [
          26835.02,
          1457.79
        ],
        "centroidWgs84": [
          76.9015369,
          15.126008
        ],
        "sourceHandle": "15EEF",
        "geometrySource": "CAD-DXF-EXTRACT-NUMBER-LAYER",
        "status": "UNKNOWN"
      }
    },
    {
      "type": "Feature",
      "id": 200,
      "geometry": {
        "type": "Polygon",
        "coordinates": [
          [
            [
              76.9014815,
              15.125886
            ],
            [
              76.9015923,
              15.125886
            ],
            [
              76.9015923,
              15.1259673
            ],
            [
              76.9014815,
              15.1259673
            ],
            [
              76.9014815,
              15.125886
            ]
          ]
        ]
      },
      "properties": {
        "plotNumber": 200,
        "block": "Block G",
        "areaSqM": 107.1,
        "areaSqFt": 1152.8,
        "frontageM": 11.9,
        "depthM": 9,
        "dimensions": "11.9m x 9m",
        "centroidCad": [
          26835.02,
          1448.79
        ],
        "centroidWgs84": [
          76.9015369,
          15.1259266
        ],
        "sourceHandle": "15EF0",
        "geometrySource": "CAD-DXF-EXTRACT-NUMBER-LAYER",
        "status": "UNKNOWN"
      }
    },
    {
      "type": "Feature",
      "id": 201,
      "geometry": {
        "type": "Polygon",
        "coordinates": [
          [
            [
              76.9014815,
              15.1258046
            ],
            [
              76.9015923,
              15.1258046
            ],
            [
              76.9015923,
              15.125886
            ],
            [
              76.9014815,
              15.125886
            ],
            [
              76.9014815,
              15.1258046
            ]
          ]
        ]
      },
      "properties": {
        "plotNumber": 201,
        "block": "Block G",
        "areaSqM": 107.1,
        "areaSqFt": 1152.8,
        "frontageM": 11.9,
        "depthM": 9,
        "dimensions": "11.9m x 9m",
        "centroidCad": [
          26835.02,
          1439.79
        ],
        "centroidWgs84": [
          76.9015369,
          15.1258453
        ],
        "sourceHandle": "15EF1",
        "geometrySource": "CAD-DXF-EXTRACT-NUMBER-LAYER",
        "status": "UNKNOWN"
      }
    },
    {
      "type": "Feature",
      "id": 202,
      "geometry": {
        "type": "Polygon",
        "coordinates": [
          [
            [
              76.9014815,
              15.1257232
            ],
            [
              76.9015923,
              15.1257232
            ],
            [
              76.9015923,
              15.1258046
            ],
            [
              76.9014815,
              15.1258046
            ],
            [
              76.9014815,
              15.1257232
            ]
          ]
        ]
      },
      "properties": {
        "plotNumber": 202,
        "block": "Block G",
        "areaSqM": 107.1,
        "areaSqFt": 1152.8,
        "frontageM": 11.9,
        "depthM": 9,
        "dimensions": "11.9m x 9m",
        "centroidCad": [
          26835.02,
          1430.79
        ],
        "centroidWgs84": [
          76.9015369,
          15.1257639
        ],
        "sourceHandle": "15EF2",
        "geometrySource": "CAD-DXF-EXTRACT-NUMBER-LAYER",
        "status": "UNKNOWN"
      }
    },
    {
      "type": "Feature",
      "id": 203,
      "geometry": {
        "type": "Polygon",
        "coordinates": [
          [
            [
              76.9014815,
              15.1256418
            ],
            [
              76.9015923,
              15.1256418
            ],
            [
              76.9015923,
              15.1257232
            ],
            [
              76.9014815,
              15.1257232
            ],
            [
              76.9014815,
              15.1256418
            ]
          ]
        ]
      },
      "properties": {
        "plotNumber": 203,
        "block": "Block G",
        "areaSqM": 107.1,
        "areaSqFt": 1152.8,
        "frontageM": 11.9,
        "depthM": 9,
        "dimensions": "11.9m x 9m",
        "centroidCad": [
          26835.02,
          1421.79
        ],
        "centroidWgs84": [
          76.9015369,
          15.1256825
        ],
        "sourceHandle": "15EF3",
        "geometrySource": "CAD-DXF-EXTRACT-NUMBER-LAYER",
        "status": "UNKNOWN"
      }
    },
    {
      "type": "Feature",
      "id": 204,
      "geometry": {
        "type": "Polygon",
        "coordinates": [
          [
            [
              76.9014815,
              15.1255605
            ],
            [
              76.9015923,
              15.1255605
            ],
            [
              76.9015923,
              15.1256418
            ],
            [
              76.9014815,
              15.1256418
            ],
            [
              76.9014815,
              15.1255605
            ]
          ]
        ]
      },
      "properties": {
        "plotNumber": 204,
        "block": "Block G",
        "areaSqM": 107.1,
        "areaSqFt": 1152.8,
        "frontageM": 11.9,
        "depthM": 9,
        "dimensions": "11.9m x 9m",
        "centroidCad": [
          26835.02,
          1412.79
        ],
        "centroidWgs84": [
          76.9015369,
          15.1256011
        ],
        "sourceHandle": "15EF4",
        "geometrySource": "CAD-DXF-EXTRACT-NUMBER-LAYER",
        "status": "UNKNOWN"
      }
    },
    {
      "type": "Feature",
      "id": 205,
      "geometry": {
        "type": "Polygon",
        "coordinates": [
          [
            [
              76.9014815,
              15.1254791
            ],
            [
              76.9015923,
              15.1254791
            ],
            [
              76.9015923,
              15.1255605
            ],
            [
              76.9014815,
              15.1255605
            ],
            [
              76.9014815,
              15.1254791
            ]
          ]
        ]
      },
      "properties": {
        "plotNumber": 205,
        "block": "Block G",
        "areaSqM": 107.1,
        "areaSqFt": 1152.8,
        "frontageM": 11.9,
        "depthM": 9,
        "dimensions": "11.9m x 9m",
        "centroidCad": [
          26835.02,
          1403.79
        ],
        "centroidWgs84": [
          76.9015369,
          15.1255198
        ],
        "sourceHandle": "15EF5",
        "geometrySource": "CAD-DXF-EXTRACT-NUMBER-LAYER",
        "status": "UNKNOWN"
      }
    },
    {
      "type": "Feature",
      "id": 206,
      "geometry": {
        "type": "Polygon",
        "coordinates": [
          [
            [
              76.9014815,
              15.1252958
            ],
            [
              76.9015923,
              15.1252958
            ],
            [
              76.9015923,
              15.1254791
            ],
            [
              76.9014815,
              15.1254791
            ],
            [
              76.9014815,
              15.1252958
            ]
          ]
        ]
      },
      "properties": {
        "plotNumber": 206,
        "block": "Block G",
        "areaSqM": 241.21,
        "areaSqFt": 2596.4,
        "frontageM": 11.9,
        "depthM": 20.27,
        "dimensions": "11.9m x 20.27m",
        "centroidCad": [
          26835.02,
          1389.15
        ],
        "centroidWgs84": [
          76.9015369,
          15.1253874
        ],
        "sourceHandle": "15EF6",
        "geometrySource": "CAD-DXF-EXTRACT-NUMBER-LAYER",
        "status": "UNKNOWN"
      }
    },
    {
      "type": "Feature",
      "id": 207,
      "geometry": {
        "type": "Polygon",
        "coordinates": [
          [
            [
              76.9012861,
              15.1252958
            ],
            [
              76.9013978,
              15.1252958
            ],
            [
              76.9013978,
              15.1254791
            ],
            [
              76.9012861,
              15.1254791
            ],
            [
              76.9012861,
              15.1252958
            ]
          ]
        ]
      },
      "properties": {
        "plotNumber": 207,
        "block": "Block F",
        "areaSqM": 243.24,
        "areaSqFt": 2618.2,
        "frontageM": 12,
        "depthM": 20.27,
        "dimensions": "12m x 20.27m",
        "centroidCad": [
          26814.07,
          1389.15
        ],
        "centroidWgs84": [
          76.901342,
          15.1253874
        ],
        "sourceHandle": "15F02",
        "geometrySource": "CAD-DXF-EXTRACT-NUMBER-LAYER",
        "status": "UNKNOWN"
      }
    },
    {
      "type": "Feature",
      "id": 208,
      "geometry": {
        "type": "Polygon",
        "coordinates": [
          [
            [
              76.9012861,
              15.1254791
            ],
            [
              76.9013978,
              15.1254791
            ],
            [
              76.9013978,
              15.1255605
            ],
            [
              76.9012861,
              15.1255605
            ],
            [
              76.9012861,
              15.1254791
            ]
          ]
        ]
      },
      "properties": {
        "plotNumber": 208,
        "block": "Block F",
        "areaSqM": 108,
        "areaSqFt": 1162.5,
        "frontageM": 12,
        "depthM": 9,
        "dimensions": "12m x 9m",
        "centroidCad": [
          26814.07,
          1403.79
        ],
        "centroidWgs84": [
          76.901342,
          15.1255198
        ],
        "sourceHandle": "15F01",
        "geometrySource": "CAD-DXF-EXTRACT-NUMBER-LAYER",
        "status": "UNKNOWN"
      }
    },
    {
      "type": "Feature",
      "id": 209,
      "geometry": {
        "type": "Polygon",
        "coordinates": [
          [
            [
              76.9012861,
              15.1255605
            ],
            [
              76.9013978,
              15.1255605
            ],
            [
              76.9013978,
              15.1256418
            ],
            [
              76.9012861,
              15.1256418
            ],
            [
              76.9012861,
              15.1255605
            ]
          ]
        ]
      },
      "properties": {
        "plotNumber": 209,
        "block": "Block F",
        "areaSqM": 108,
        "areaSqFt": 1162.5,
        "frontageM": 12,
        "depthM": 9,
        "dimensions": "12m x 9m",
        "centroidCad": [
          26814.07,
          1412.79
        ],
        "centroidWgs84": [
          76.901342,
          15.1256011
        ],
        "sourceHandle": "15F00",
        "geometrySource": "CAD-DXF-EXTRACT-NUMBER-LAYER",
        "status": "UNKNOWN"
      }
    },
    {
      "type": "Feature",
      "id": 210,
      "geometry": {
        "type": "Polygon",
        "coordinates": [
          [
            [
              76.9012861,
              15.1256418
            ],
            [
              76.9013978,
              15.1256418
            ],
            [
              76.9013978,
              15.1257232
            ],
            [
              76.9012861,
              15.1257232
            ],
            [
              76.9012861,
              15.1256418
            ]
          ]
        ]
      },
      "properties": {
        "plotNumber": 210,
        "block": "Block F",
        "areaSqM": 108,
        "areaSqFt": 1162.5,
        "frontageM": 12,
        "depthM": 9,
        "dimensions": "12m x 9m",
        "centroidCad": [
          26814.07,
          1421.79
        ],
        "centroidWgs84": [
          76.901342,
          15.1256825
        ],
        "sourceHandle": "15EFF",
        "geometrySource": "CAD-DXF-EXTRACT-NUMBER-LAYER",
        "status": "UNKNOWN"
      }
    },
    {
      "type": "Feature",
      "id": 211,
      "geometry": {
        "type": "Polygon",
        "coordinates": [
          [
            [
              76.9012861,
              15.1257232
            ],
            [
              76.9013978,
              15.1257232
            ],
            [
              76.9013978,
              15.1258046
            ],
            [
              76.9012861,
              15.1258046
            ],
            [
              76.9012861,
              15.1257232
            ]
          ]
        ]
      },
      "properties": {
        "plotNumber": 211,
        "block": "Block F",
        "areaSqM": 108,
        "areaSqFt": 1162.5,
        "frontageM": 12,
        "depthM": 9,
        "dimensions": "12m x 9m",
        "centroidCad": [
          26814.07,
          1430.79
        ],
        "centroidWgs84": [
          76.901342,
          15.1257639
        ],
        "sourceHandle": "15EFE",
        "geometrySource": "CAD-DXF-EXTRACT-NUMBER-LAYER",
        "status": "UNKNOWN"
      }
    },
    {
      "type": "Feature",
      "id": 212,
      "geometry": {
        "type": "Polygon",
        "coordinates": [
          [
            [
              76.9012861,
              15.1258046
            ],
            [
              76.9013978,
              15.1258046
            ],
            [
              76.9013978,
              15.125886
            ],
            [
              76.9012861,
              15.125886
            ],
            [
              76.9012861,
              15.1258046
            ]
          ]
        ]
      },
      "properties": {
        "plotNumber": 212,
        "block": "Block F",
        "areaSqM": 108,
        "areaSqFt": 1162.5,
        "frontageM": 12,
        "depthM": 9,
        "dimensions": "12m x 9m",
        "centroidCad": [
          26814.07,
          1439.79
        ],
        "centroidWgs84": [
          76.901342,
          15.1258453
        ],
        "sourceHandle": "15EFD",
        "geometrySource": "CAD-DXF-EXTRACT-NUMBER-LAYER",
        "status": "UNKNOWN"
      }
    },
    {
      "type": "Feature",
      "id": 213,
      "geometry": {
        "type": "Polygon",
        "coordinates": [
          [
            [
              76.9012861,
              15.125886
            ],
            [
              76.9013978,
              15.125886
            ],
            [
              76.9013978,
              15.1259673
            ],
            [
              76.9012861,
              15.1259673
            ],
            [
              76.9012861,
              15.125886
            ]
          ]
        ]
      },
      "properties": {
        "plotNumber": 213,
        "block": "Block F",
        "areaSqM": 108,
        "areaSqFt": 1162.5,
        "frontageM": 12,
        "depthM": 9,
        "dimensions": "12m x 9m",
        "centroidCad": [
          26814.07,
          1448.79
        ],
        "centroidWgs84": [
          76.901342,
          15.1259266
        ],
        "sourceHandle": "15EFC",
        "geometrySource": "CAD-DXF-EXTRACT-NUMBER-LAYER",
        "status": "UNKNOWN"
      }
    },
    {
      "type": "Feature",
      "id": 214,
      "geometry": {
        "type": "Polygon",
        "coordinates": [
          [
            [
              76.9012861,
              15.1259673
            ],
            [
              76.9013978,
              15.1259673
            ],
            [
              76.9013978,
              15.1260487
            ],
            [
              76.9012861,
              15.1260487
            ],
            [
              76.9012861,
              15.1259673
            ]
          ]
        ]
      },
      "properties": {
        "plotNumber": 214,
        "block": "Block F",
        "areaSqM": 108,
        "areaSqFt": 1162.5,
        "frontageM": 12,
        "depthM": 9,
        "dimensions": "12m x 9m",
        "centroidCad": [
          26814.07,
          1457.79
        ],
        "centroidWgs84": [
          76.901342,
          15.126008
        ],
        "sourceHandle": "15EFB",
        "geometrySource": "CAD-DXF-EXTRACT-NUMBER-LAYER",
        "status": "UNKNOWN"
      }
    },
    {
      "type": "Feature",
      "id": 215,
      "geometry": {
        "type": "Polygon",
        "coordinates": [
          [
            [
              76.9012861,
              15.1260487
            ],
            [
              76.9013978,
              15.1260487
            ],
            [
              76.9013978,
              15.1261301
            ],
            [
              76.9012861,
              15.1261301
            ],
            [
              76.9012861,
              15.1260487
            ]
          ]
        ]
      },
      "properties": {
        "plotNumber": 215,
        "block": "Block F",
        "areaSqM": 108,
        "areaSqFt": 1162.5,
        "frontageM": 12,
        "depthM": 9,
        "dimensions": "12m x 9m",
        "centroidCad": [
          26814.07,
          1466.79
        ],
        "centroidWgs84": [
          76.901342,
          15.1260894
        ],
        "sourceHandle": "15EFA",
        "geometrySource": "CAD-DXF-EXTRACT-NUMBER-LAYER",
        "status": "UNKNOWN"
      }
    },
    {
      "type": "Feature",
      "id": 216,
      "geometry": {
        "type": "Polygon",
        "coordinates": [
          [
            [
              76.9012861,
              15.1261301
            ],
            [
              76.9013978,
              15.1261301
            ],
            [
              76.9013978,
              15.1262115
            ],
            [
              76.9012861,
              15.1262115
            ],
            [
              76.9012861,
              15.1261301
            ]
          ]
        ]
      },
      "properties": {
        "plotNumber": 216,
        "block": "Block F",
        "areaSqM": 108,
        "areaSqFt": 1162.5,
        "frontageM": 12,
        "depthM": 9,
        "dimensions": "12m x 9m",
        "centroidCad": [
          26814.07,
          1475.79
        ],
        "centroidWgs84": [
          76.901342,
          15.1261708
        ],
        "sourceHandle": "15EF9",
        "geometrySource": "CAD-DXF-EXTRACT-NUMBER-LAYER",
        "status": "UNKNOWN"
      }
    },
    {
      "type": "Feature",
      "id": 217,
      "geometry": {
        "type": "Polygon",
        "coordinates": [
          [
            [
              76.9012861,
              15.1262115
            ],
            [
              76.9013978,
              15.1262115
            ],
            [
              76.9013978,
              15.1262928
            ],
            [
              76.9012861,
              15.1262928
            ],
            [
              76.9012861,
              15.1262115
            ]
          ]
        ]
      },
      "properties": {
        "plotNumber": 217,
        "block": "Block F",
        "areaSqM": 108,
        "areaSqFt": 1162.5,
        "frontageM": 12,
        "depthM": 9,
        "dimensions": "12m x 9m",
        "centroidCad": [
          26814.07,
          1484.79
        ],
        "centroidWgs84": [
          76.901342,
          15.1262521
        ],
        "sourceHandle": "15EF8",
        "geometrySource": "CAD-DXF-EXTRACT-NUMBER-LAYER",
        "status": "UNKNOWN"
      }
    },
    {
      "type": "Feature",
      "id": 218,
      "geometry": {
        "type": "Polygon",
        "coordinates": [
          [
            [
              76.9012861,
              15.1262928
            ],
            [
              76.9013978,
              15.1262928
            ],
            [
              76.9013978,
              15.1264013
            ],
            [
              76.9012861,
              15.1264013
            ],
            [
              76.9012861,
              15.1262928
            ]
          ]
        ]
      },
      "properties": {
        "plotNumber": 218,
        "block": "Block F",
        "areaSqM": 144,
        "areaSqFt": 1550,
        "frontageM": 12,
        "depthM": 12,
        "dimensions": "12m x 12m",
        "centroidCad": [
          26814.07,
          1495.29
        ],
        "centroidWgs84": [
          76.901342,
          15.1263471
        ],
        "sourceHandle": "15EF7",
        "geometrySource": "CAD-DXF-EXTRACT-NUMBER-LAYER",
        "status": "UNKNOWN"
      }
    },
    {
      "type": "Feature",
      "id": 219,
      "geometry": {
        "type": "Polygon",
        "coordinates": [
          [
            [
              76.9011745,
              15.1262928
            ],
            [
              76.9012861,
              15.1262928
            ],
            [
              76.9012861,
              15.1264013
            ],
            [
              76.9011745,
              15.1264013
            ],
            [
              76.9011745,
              15.1262928
            ]
          ]
        ]
      },
      "properties": {
        "plotNumber": 219,
        "block": "Block F",
        "areaSqM": 144,
        "areaSqFt": 1550,
        "frontageM": 12,
        "depthM": 12,
        "dimensions": "12m x 12m",
        "centroidCad": [
          26802.07,
          1495.29
        ],
        "centroidWgs84": [
          76.9012303,
          15.1263471
        ],
        "sourceHandle": "15F03",
        "geometrySource": "CAD-DXF-EXTRACT-NUMBER-LAYER",
        "status": "UNKNOWN"
      }
    },
    {
      "type": "Feature",
      "id": 220,
      "geometry": {
        "type": "Polygon",
        "coordinates": [
          [
            [
              76.9011745,
              15.1262115
            ],
            [
              76.9012861,
              15.1262115
            ],
            [
              76.9012861,
              15.1262928
            ],
            [
              76.9011745,
              15.1262928
            ],
            [
              76.9011745,
              15.1262115
            ]
          ]
        ]
      },
      "properties": {
        "plotNumber": 220,
        "block": "Block F",
        "areaSqM": 108,
        "areaSqFt": 1162.5,
        "frontageM": 12,
        "depthM": 9,
        "dimensions": "12m x 9m",
        "centroidCad": [
          26802.07,
          1484.79
        ],
        "centroidWgs84": [
          76.9012303,
          15.1262521
        ],
        "sourceHandle": "15F04",
        "geometrySource": "CAD-DXF-EXTRACT-NUMBER-LAYER",
        "status": "UNKNOWN"
      }
    },
    {
      "type": "Feature",
      "id": 221,
      "geometry": {
        "type": "Polygon",
        "coordinates": [
          [
            [
              76.9011745,
              15.1261301
            ],
            [
              76.9012861,
              15.1261301
            ],
            [
              76.9012861,
              15.1262115
            ],
            [
              76.9011745,
              15.1262115
            ],
            [
              76.9011745,
              15.1261301
            ]
          ]
        ]
      },
      "properties": {
        "plotNumber": 221,
        "block": "Block F",
        "areaSqM": 108,
        "areaSqFt": 1162.5,
        "frontageM": 12,
        "depthM": 9,
        "dimensions": "12m x 9m",
        "centroidCad": [
          26802.07,
          1475.79
        ],
        "centroidWgs84": [
          76.9012303,
          15.1261708
        ],
        "sourceHandle": "15F05",
        "geometrySource": "CAD-DXF-EXTRACT-NUMBER-LAYER",
        "status": "UNKNOWN"
      }
    },
    {
      "type": "Feature",
      "id": 222,
      "geometry": {
        "type": "Polygon",
        "coordinates": [
          [
            [
              76.9011745,
              15.1260487
            ],
            [
              76.9012861,
              15.1260487
            ],
            [
              76.9012861,
              15.1261301
            ],
            [
              76.9011745,
              15.1261301
            ],
            [
              76.9011745,
              15.1260487
            ]
          ]
        ]
      },
      "properties": {
        "plotNumber": 222,
        "block": "Block F",
        "areaSqM": 108,
        "areaSqFt": 1162.5,
        "frontageM": 12,
        "depthM": 9,
        "dimensions": "12m x 9m",
        "centroidCad": [
          26802.07,
          1466.79
        ],
        "centroidWgs84": [
          76.9012303,
          15.1260894
        ],
        "sourceHandle": "15F06",
        "geometrySource": "CAD-DXF-EXTRACT-NUMBER-LAYER",
        "status": "UNKNOWN"
      }
    },
    {
      "type": "Feature",
      "id": 223,
      "geometry": {
        "type": "Polygon",
        "coordinates": [
          [
            [
              76.9011745,
              15.1259673
            ],
            [
              76.9012861,
              15.1259673
            ],
            [
              76.9012861,
              15.1260487
            ],
            [
              76.9011745,
              15.1260487
            ],
            [
              76.9011745,
              15.1259673
            ]
          ]
        ]
      },
      "properties": {
        "plotNumber": 223,
        "block": "Block F",
        "areaSqM": 108,
        "areaSqFt": 1162.5,
        "frontageM": 12,
        "depthM": 9,
        "dimensions": "12m x 9m",
        "centroidCad": [
          26802.07,
          1457.79
        ],
        "centroidWgs84": [
          76.9012303,
          15.126008
        ],
        "sourceHandle": "15F07",
        "geometrySource": "CAD-DXF-EXTRACT-NUMBER-LAYER",
        "status": "UNKNOWN"
      }
    },
    {
      "type": "Feature",
      "id": 224,
      "geometry": {
        "type": "Polygon",
        "coordinates": [
          [
            [
              76.9011745,
              15.125886
            ],
            [
              76.9012861,
              15.125886
            ],
            [
              76.9012861,
              15.1259673
            ],
            [
              76.9011745,
              15.1259673
            ],
            [
              76.9011745,
              15.125886
            ]
          ]
        ]
      },
      "properties": {
        "plotNumber": 224,
        "block": "Block F",
        "areaSqM": 108,
        "areaSqFt": 1162.5,
        "frontageM": 12,
        "depthM": 9,
        "dimensions": "12m x 9m",
        "centroidCad": [
          26802.07,
          1448.79
        ],
        "centroidWgs84": [
          76.9012303,
          15.1259266
        ],
        "sourceHandle": "15F08",
        "geometrySource": "CAD-DXF-EXTRACT-NUMBER-LAYER",
        "status": "UNKNOWN"
      }
    },
    {
      "type": "Feature",
      "id": 225,
      "geometry": {
        "type": "Polygon",
        "coordinates": [
          [
            [
              76.9011745,
              15.1258046
            ],
            [
              76.9012861,
              15.1258046
            ],
            [
              76.9012861,
              15.125886
            ],
            [
              76.9011745,
              15.125886
            ],
            [
              76.9011745,
              15.1258046
            ]
          ]
        ]
      },
      "properties": {
        "plotNumber": 225,
        "block": "Block F",
        "areaSqM": 108,
        "areaSqFt": 1162.5,
        "frontageM": 12,
        "depthM": 9,
        "dimensions": "12m x 9m",
        "centroidCad": [
          26802.07,
          1439.79
        ],
        "centroidWgs84": [
          76.9012303,
          15.1258453
        ],
        "sourceHandle": "15F09",
        "geometrySource": "CAD-DXF-EXTRACT-NUMBER-LAYER",
        "status": "UNKNOWN"
      }
    },
    {
      "type": "Feature",
      "id": 226,
      "geometry": {
        "type": "Polygon",
        "coordinates": [
          [
            [
              76.9011745,
              15.1257232
            ],
            [
              76.9012861,
              15.1257232
            ],
            [
              76.9012861,
              15.1258046
            ],
            [
              76.9011745,
              15.1258046
            ],
            [
              76.9011745,
              15.1257232
            ]
          ]
        ]
      },
      "properties": {
        "plotNumber": 226,
        "block": "Block F",
        "areaSqM": 108,
        "areaSqFt": 1162.5,
        "frontageM": 12,
        "depthM": 9,
        "dimensions": "12m x 9m",
        "centroidCad": [
          26802.07,
          1430.79
        ],
        "centroidWgs84": [
          76.9012303,
          15.1257639
        ],
        "sourceHandle": "15F0A",
        "geometrySource": "CAD-DXF-EXTRACT-NUMBER-LAYER",
        "status": "UNKNOWN"
      }
    },
    {
      "type": "Feature",
      "id": 227,
      "geometry": {
        "type": "Polygon",
        "coordinates": [
          [
            [
              76.9011745,
              15.1256418
            ],
            [
              76.9012861,
              15.1256418
            ],
            [
              76.9012861,
              15.1257232
            ],
            [
              76.9011745,
              15.1257232
            ],
            [
              76.9011745,
              15.1256418
            ]
          ]
        ]
      },
      "properties": {
        "plotNumber": 227,
        "block": "Block F",
        "areaSqM": 108,
        "areaSqFt": 1162.5,
        "frontageM": 12,
        "depthM": 9,
        "dimensions": "12m x 9m",
        "centroidCad": [
          26802.07,
          1421.79
        ],
        "centroidWgs84": [
          76.9012303,
          15.1256825
        ],
        "sourceHandle": "15F0B",
        "geometrySource": "CAD-DXF-EXTRACT-NUMBER-LAYER",
        "status": "UNKNOWN"
      }
    },
    {
      "type": "Feature",
      "id": 228,
      "geometry": {
        "type": "Polygon",
        "coordinates": [
          [
            [
              76.9011745,
              15.1255605
            ],
            [
              76.9012861,
              15.1255605
            ],
            [
              76.9012861,
              15.1256418
            ],
            [
              76.9011745,
              15.1256418
            ],
            [
              76.9011745,
              15.1255605
            ]
          ]
        ]
      },
      "properties": {
        "plotNumber": 228,
        "block": "Block F",
        "areaSqM": 108,
        "areaSqFt": 1162.5,
        "frontageM": 12,
        "depthM": 9,
        "dimensions": "12m x 9m",
        "centroidCad": [
          26802.07,
          1412.79
        ],
        "centroidWgs84": [
          76.9012303,
          15.1256011
        ],
        "sourceHandle": "15F0C",
        "geometrySource": "CAD-DXF-EXTRACT-NUMBER-LAYER",
        "status": "UNKNOWN"
      }
    },
    {
      "type": "Feature",
      "id": 229,
      "geometry": {
        "type": "Polygon",
        "coordinates": [
          [
            [
              76.9011745,
              15.1254791
            ],
            [
              76.9012861,
              15.1254791
            ],
            [
              76.9012861,
              15.1255605
            ],
            [
              76.9011745,
              15.1255605
            ],
            [
              76.9011745,
              15.1254791
            ]
          ]
        ]
      },
      "properties": {
        "plotNumber": 229,
        "block": "Block F",
        "areaSqM": 108,
        "areaSqFt": 1162.5,
        "frontageM": 12,
        "depthM": 9,
        "dimensions": "12m x 9m",
        "centroidCad": [
          26802.07,
          1403.79
        ],
        "centroidWgs84": [
          76.9012303,
          15.1255198
        ],
        "sourceHandle": "15F0D",
        "geometrySource": "CAD-DXF-EXTRACT-NUMBER-LAYER",
        "status": "UNKNOWN"
      }
    },
    {
      "type": "Feature",
      "id": 230,
      "geometry": {
        "type": "Polygon",
        "coordinates": [
          [
            [
              76.9011745,
              15.1253375
            ],
            [
              76.9012861,
              15.1253375
            ],
            [
              76.9012861,
              15.1254791
            ],
            [
              76.9011745,
              15.1254791
            ],
            [
              76.9011745,
              15.1253375
            ]
          ]
        ]
      },
      "properties": {
        "plotNumber": 230,
        "block": "Block F",
        "areaSqM": 187.92,
        "areaSqFt": 2022.8,
        "frontageM": 12,
        "depthM": 15.66,
        "dimensions": "12m x 15.66m",
        "centroidCad": [
          26802.07,
          1391.46
        ],
        "centroidWgs84": [
          76.9012303,
          15.1254083
        ],
        "sourceHandle": "15F0E",
        "geometrySource": "CAD-DXF-EXTRACT-NUMBER-LAYER",
        "status": "UNKNOWN"
      }
    },
    {
      "type": "Feature",
      "id": 231,
      "geometry": {
        "type": "Polygon",
        "coordinates": [
          [
            [
              76.900979,
              15.1253375
            ],
            [
              76.9010907,
              15.1253375
            ],
            [
              76.9010907,
              15.1255605
            ],
            [
              76.900979,
              15.1255605
            ],
            [
              76.900979,
              15.1253375
            ]
          ]
        ]
      },
      "properties": {
        "plotNumber": 231,
        "block": "Block E",
        "areaSqM": 295.92,
        "areaSqFt": 3185.3,
        "frontageM": 12,
        "depthM": 24.66,
        "dimensions": "12m x 24.66m",
        "centroidCad": [
          26781.07,
          1395.96
        ],
        "centroidWgs84": [
          76.9010349,
          15.125449
        ],
        "sourceHandle": "15F18",
        "geometrySource": "CAD-DXF-EXTRACT-NUMBER-LAYER",
        "status": "UNKNOWN"
      }
    },
    {
      "type": "Feature",
      "id": 232,
      "geometry": {
        "type": "Polygon",
        "coordinates": [
          [
            [
              76.900979,
              15.1255605
            ],
            [
              76.9010907,
              15.1255605
            ],
            [
              76.9010907,
              15.1256418
            ],
            [
              76.900979,
              15.1256418
            ],
            [
              76.900979,
              15.1255605
            ]
          ]
        ]
      },
      "properties": {
        "plotNumber": 232,
        "block": "Block E",
        "areaSqM": 108,
        "areaSqFt": 1162.5,
        "frontageM": 12,
        "depthM": 9,
        "dimensions": "12m x 9m",
        "centroidCad": [
          26781.07,
          1412.79
        ],
        "centroidWgs84": [
          76.9010349,
          15.1256011
        ],
        "sourceHandle": "15F17",
        "geometrySource": "CAD-DXF-EXTRACT-NUMBER-LAYER",
        "status": "UNKNOWN"
      }
    },
    {
      "type": "Feature",
      "id": 233,
      "geometry": {
        "type": "Polygon",
        "coordinates": [
          [
            [
              76.900979,
              15.1256418
            ],
            [
              76.9010907,
              15.1256418
            ],
            [
              76.9010907,
              15.1257232
            ],
            [
              76.900979,
              15.1257232
            ],
            [
              76.900979,
              15.1256418
            ]
          ]
        ]
      },
      "properties": {
        "plotNumber": 233,
        "block": "Block E",
        "areaSqM": 108,
        "areaSqFt": 1162.5,
        "frontageM": 12,
        "depthM": 9,
        "dimensions": "12m x 9m",
        "centroidCad": [
          26781.07,
          1421.79
        ],
        "centroidWgs84": [
          76.9010349,
          15.1256825
        ],
        "sourceHandle": "15F16",
        "geometrySource": "CAD-DXF-EXTRACT-NUMBER-LAYER",
        "status": "UNKNOWN"
      }
    },
    {
      "type": "Feature",
      "id": 234,
      "geometry": {
        "type": "Polygon",
        "coordinates": [
          [
            [
              76.900979,
              15.1257232
            ],
            [
              76.9010907,
              15.1257232
            ],
            [
              76.9010907,
              15.1258046
            ],
            [
              76.900979,
              15.1258046
            ],
            [
              76.900979,
              15.1257232
            ]
          ]
        ]
      },
      "properties": {
        "plotNumber": 234,
        "block": "Block E",
        "areaSqM": 108,
        "areaSqFt": 1162.5,
        "frontageM": 12,
        "depthM": 9,
        "dimensions": "12m x 9m",
        "centroidCad": [
          26781.07,
          1430.79
        ],
        "centroidWgs84": [
          76.9010349,
          15.1257639
        ],
        "sourceHandle": "15F15",
        "geometrySource": "CAD-DXF-EXTRACT-NUMBER-LAYER",
        "status": "UNKNOWN"
      }
    },
    {
      "type": "Feature",
      "id": 235,
      "geometry": {
        "type": "Polygon",
        "coordinates": [
          [
            [
              76.900979,
              15.1258046
            ],
            [
              76.9010907,
              15.1258046
            ],
            [
              76.9010907,
              15.125886
            ],
            [
              76.900979,
              15.125886
            ],
            [
              76.900979,
              15.1258046
            ]
          ]
        ]
      },
      "properties": {
        "plotNumber": 235,
        "block": "Block E",
        "areaSqM": 108,
        "areaSqFt": 1162.5,
        "frontageM": 12,
        "depthM": 9,
        "dimensions": "12m x 9m",
        "centroidCad": [
          26781.07,
          1439.79
        ],
        "centroidWgs84": [
          76.9010349,
          15.1258453
        ],
        "sourceHandle": "15F14",
        "geometrySource": "CAD-DXF-EXTRACT-NUMBER-LAYER",
        "status": "UNKNOWN"
      }
    },
    {
      "type": "Feature",
      "id": 236,
      "geometry": {
        "type": "Polygon",
        "coordinates": [
          [
            [
              76.900979,
              15.125886
            ],
            [
              76.9010907,
              15.125886
            ],
            [
              76.9010907,
              15.1259673
            ],
            [
              76.900979,
              15.1259673
            ],
            [
              76.900979,
              15.125886
            ]
          ]
        ]
      },
      "properties": {
        "plotNumber": 236,
        "block": "Block E",
        "areaSqM": 108,
        "areaSqFt": 1162.5,
        "frontageM": 12,
        "depthM": 9,
        "dimensions": "12m x 9m",
        "centroidCad": [
          26781.07,
          1448.79
        ],
        "centroidWgs84": [
          76.9010349,
          15.1259266
        ],
        "sourceHandle": "15F13",
        "geometrySource": "CAD-DXF-EXTRACT-NUMBER-LAYER",
        "status": "UNKNOWN"
      }
    },
    {
      "type": "Feature",
      "id": 237,
      "geometry": {
        "type": "Polygon",
        "coordinates": [
          [
            [
              76.900979,
              15.1259673
            ],
            [
              76.9010907,
              15.1259673
            ],
            [
              76.9010907,
              15.1260487
            ],
            [
              76.900979,
              15.1260487
            ],
            [
              76.900979,
              15.1259673
            ]
          ]
        ]
      },
      "properties": {
        "plotNumber": 237,
        "block": "Block E",
        "areaSqM": 108,
        "areaSqFt": 1162.5,
        "frontageM": 12,
        "depthM": 9,
        "dimensions": "12m x 9m",
        "centroidCad": [
          26781.07,
          1457.79
        ],
        "centroidWgs84": [
          76.9010349,
          15.126008
        ],
        "sourceHandle": "15F12",
        "geometrySource": "CAD-DXF-EXTRACT-NUMBER-LAYER",
        "status": "UNKNOWN"
      }
    },
    {
      "type": "Feature",
      "id": 238,
      "geometry": {
        "type": "Polygon",
        "coordinates": [
          [
            [
              76.900979,
              15.1260487
            ],
            [
              76.9010907,
              15.1260487
            ],
            [
              76.9010907,
              15.1261301
            ],
            [
              76.900979,
              15.1261301
            ],
            [
              76.900979,
              15.1260487
            ]
          ]
        ]
      },
      "properties": {
        "plotNumber": 238,
        "block": "Block E",
        "areaSqM": 108,
        "areaSqFt": 1162.5,
        "frontageM": 12,
        "depthM": 9,
        "dimensions": "12m x 9m",
        "centroidCad": [
          26781.07,
          1466.79
        ],
        "centroidWgs84": [
          76.9010349,
          15.1260894
        ],
        "sourceHandle": "15F11",
        "geometrySource": "CAD-DXF-EXTRACT-NUMBER-LAYER",
        "status": "UNKNOWN"
      }
    },
    {
      "type": "Feature",
      "id": 239,
      "geometry": {
        "type": "Polygon",
        "coordinates": [
          [
            [
              76.900979,
              15.1261301
            ],
            [
              76.9010907,
              15.1261301
            ],
            [
              76.9010907,
              15.1262115
            ],
            [
              76.900979,
              15.1262115
            ],
            [
              76.900979,
              15.1261301
            ]
          ]
        ]
      },
      "properties": {
        "plotNumber": 239,
        "block": "Block E",
        "areaSqM": 108,
        "areaSqFt": 1162.5,
        "frontageM": 12,
        "depthM": 9,
        "dimensions": "12m x 9m",
        "centroidCad": [
          26781.07,
          1475.79
        ],
        "centroidWgs84": [
          76.9010349,
          15.1261708
        ],
        "sourceHandle": "15F10",
        "geometrySource": "CAD-DXF-EXTRACT-NUMBER-LAYER",
        "status": "UNKNOWN"
      }
    },
    {
      "type": "Feature",
      "id": 240,
      "geometry": {
        "type": "Polygon",
        "coordinates": [
          [
            [
              76.900979,
              15.1262115
            ],
            [
              76.9010907,
              15.1262115
            ],
            [
              76.9010907,
              15.1262928
            ],
            [
              76.900979,
              15.1262928
            ],
            [
              76.900979,
              15.1262115
            ]
          ]
        ]
      },
      "properties": {
        "plotNumber": 240,
        "block": "Block E",
        "areaSqM": 108,
        "areaSqFt": 1162.5,
        "frontageM": 12,
        "depthM": 9,
        "dimensions": "12m x 9m",
        "centroidCad": [
          26781.07,
          1484.79
        ],
        "centroidWgs84": [
          76.9010349,
          15.1262521
        ],
        "sourceHandle": "15F0F",
        "geometrySource": "CAD-DXF-EXTRACT-NUMBER-LAYER",
        "status": "UNKNOWN"
      }
    },
    {
      "type": "Feature",
      "id": 241,
      "geometry": {
        "type": "Polygon",
        "coordinates": [
          [
            [
              76.900979,
              15.1262928
            ],
            [
              76.9010907,
              15.1262928
            ],
            [
              76.9010907,
              15.1264013
            ],
            [
              76.900979,
              15.1264013
            ],
            [
              76.900979,
              15.1262928
            ]
          ]
        ]
      },
      "properties": {
        "plotNumber": 241,
        "block": "Block E",
        "areaSqM": 144,
        "areaSqFt": 1550,
        "frontageM": 12,
        "depthM": 12,
        "dimensions": "12m x 12m",
        "centroidCad": [
          26781.07,
          1495.29
        ],
        "centroidWgs84": [
          76.9010349,
          15.1263471
        ],
        "sourceHandle": "1903D",
        "geometrySource": "CAD-DXF-EXTRACT-NUMBER-LAYER",
        "status": "UNKNOWN"
      }
    },
    {
      "type": "Feature",
      "id": 242,
      "geometry": {
        "type": "Polygon",
        "coordinates": [
          [
            [
              76.9008674,
              15.1262928
            ],
            [
              76.900979,
              15.1262928
            ],
            [
              76.900979,
              15.1264013
            ],
            [
              76.9008674,
              15.1264013
            ],
            [
              76.9008674,
              15.1262928
            ]
          ]
        ]
      },
      "properties": {
        "plotNumber": 242,
        "block": "Block E",
        "areaSqM": 144,
        "areaSqFt": 1550,
        "frontageM": 12,
        "depthM": 12,
        "dimensions": "12m x 12m",
        "centroidCad": [
          26769.07,
          1495.29
        ],
        "centroidWgs84": [
          76.9009232,
          15.1263471
        ],
        "sourceHandle": "15F1A",
        "geometrySource": "CAD-DXF-EXTRACT-NUMBER-LAYER",
        "status": "UNKNOWN"
      }
    },
    {
      "type": "Feature",
      "id": 243,
      "geometry": {
        "type": "Polygon",
        "coordinates": [
          [
            [
              76.9008674,
              15.1262115
            ],
            [
              76.900979,
              15.1262115
            ],
            [
              76.900979,
              15.1262928
            ],
            [
              76.9008674,
              15.1262928
            ],
            [
              76.9008674,
              15.1262115
            ]
          ]
        ]
      },
      "properties": {
        "plotNumber": 243,
        "block": "Block E",
        "areaSqM": 108,
        "areaSqFt": 1162.5,
        "frontageM": 12,
        "depthM": 9,
        "dimensions": "12m x 9m",
        "centroidCad": [
          26769.07,
          1484.79
        ],
        "centroidWgs84": [
          76.9009232,
          15.1262521
        ],
        "sourceHandle": "15F1B",
        "geometrySource": "CAD-DXF-EXTRACT-NUMBER-LAYER",
        "status": "UNKNOWN"
      }
    },
    {
      "type": "Feature",
      "id": 244,
      "geometry": {
        "type": "Polygon",
        "coordinates": [
          [
            [
              76.9008674,
              15.1261301
            ],
            [
              76.900979,
              15.1261301
            ],
            [
              76.900979,
              15.1262115
            ],
            [
              76.9008674,
              15.1262115
            ],
            [
              76.9008674,
              15.1261301
            ]
          ]
        ]
      },
      "properties": {
        "plotNumber": 244,
        "block": "Block E",
        "areaSqM": 108,
        "areaSqFt": 1162.5,
        "frontageM": 12,
        "depthM": 9,
        "dimensions": "12m x 9m",
        "centroidCad": [
          26769.07,
          1475.79
        ],
        "centroidWgs84": [
          76.9009232,
          15.1261708
        ],
        "sourceHandle": "15F1C",
        "geometrySource": "CAD-DXF-EXTRACT-NUMBER-LAYER",
        "status": "UNKNOWN"
      }
    },
    {
      "type": "Feature",
      "id": 245,
      "geometry": {
        "type": "Polygon",
        "coordinates": [
          [
            [
              76.9008674,
              15.1260487
            ],
            [
              76.900979,
              15.1260487
            ],
            [
              76.900979,
              15.1261301
            ],
            [
              76.9008674,
              15.1261301
            ],
            [
              76.9008674,
              15.1260487
            ]
          ]
        ]
      },
      "properties": {
        "plotNumber": 245,
        "block": "Block E",
        "areaSqM": 108,
        "areaSqFt": 1162.5,
        "frontageM": 12,
        "depthM": 9,
        "dimensions": "12m x 9m",
        "centroidCad": [
          26769.07,
          1466.79
        ],
        "centroidWgs84": [
          76.9009232,
          15.1260894
        ],
        "sourceHandle": "15F1D",
        "geometrySource": "CAD-DXF-EXTRACT-NUMBER-LAYER",
        "status": "UNKNOWN"
      }
    },
    {
      "type": "Feature",
      "id": 246,
      "geometry": {
        "type": "Polygon",
        "coordinates": [
          [
            [
              76.9008674,
              15.1259673
            ],
            [
              76.900979,
              15.1259673
            ],
            [
              76.900979,
              15.1260487
            ],
            [
              76.9008674,
              15.1260487
            ],
            [
              76.9008674,
              15.1259673
            ]
          ]
        ]
      },
      "properties": {
        "plotNumber": 246,
        "block": "Block E",
        "areaSqM": 108,
        "areaSqFt": 1162.5,
        "frontageM": 12,
        "depthM": 9,
        "dimensions": "12m x 9m",
        "centroidCad": [
          26769.07,
          1457.79
        ],
        "centroidWgs84": [
          76.9009232,
          15.126008
        ],
        "sourceHandle": "15F1E",
        "geometrySource": "CAD-DXF-EXTRACT-NUMBER-LAYER",
        "status": "UNKNOWN"
      }
    },
    {
      "type": "Feature",
      "id": 247,
      "geometry": {
        "type": "Polygon",
        "coordinates": [
          [
            [
              76.9008674,
              15.125886
            ],
            [
              76.900979,
              15.125886
            ],
            [
              76.900979,
              15.1259673
            ],
            [
              76.9008674,
              15.1259673
            ],
            [
              76.9008674,
              15.125886
            ]
          ]
        ]
      },
      "properties": {
        "plotNumber": 247,
        "block": "Block E",
        "areaSqM": 108,
        "areaSqFt": 1162.5,
        "frontageM": 12,
        "depthM": 9,
        "dimensions": "12m x 9m",
        "centroidCad": [
          26769.07,
          1448.79
        ],
        "centroidWgs84": [
          76.9009232,
          15.1259266
        ],
        "sourceHandle": "15F1F",
        "geometrySource": "CAD-DXF-EXTRACT-NUMBER-LAYER",
        "status": "UNKNOWN"
      }
    },
    {
      "type": "Feature",
      "id": 248,
      "geometry": {
        "type": "Polygon",
        "coordinates": [
          [
            [
              76.9008674,
              15.1258046
            ],
            [
              76.900979,
              15.1258046
            ],
            [
              76.900979,
              15.125886
            ],
            [
              76.9008674,
              15.125886
            ],
            [
              76.9008674,
              15.1258046
            ]
          ]
        ]
      },
      "properties": {
        "plotNumber": 248,
        "block": "Block E",
        "areaSqM": 108,
        "areaSqFt": 1162.5,
        "frontageM": 12,
        "depthM": 9,
        "dimensions": "12m x 9m",
        "centroidCad": [
          26769.07,
          1439.79
        ],
        "centroidWgs84": [
          76.9009232,
          15.1258453
        ],
        "sourceHandle": "15F20",
        "geometrySource": "CAD-DXF-EXTRACT-NUMBER-LAYER",
        "status": "UNKNOWN"
      }
    },
    {
      "type": "Feature",
      "id": 249,
      "geometry": {
        "type": "Polygon",
        "coordinates": [
          [
            [
              76.9008674,
              15.1257232
            ],
            [
              76.900979,
              15.1257232
            ],
            [
              76.900979,
              15.1258046
            ],
            [
              76.9008674,
              15.1258046
            ],
            [
              76.9008674,
              15.1257232
            ]
          ]
        ]
      },
      "properties": {
        "plotNumber": 249,
        "block": "Block E",
        "areaSqM": 108,
        "areaSqFt": 1162.5,
        "frontageM": 12,
        "depthM": 9,
        "dimensions": "12m x 9m",
        "centroidCad": [
          26769.07,
          1430.79
        ],
        "centroidWgs84": [
          76.9009232,
          15.1257639
        ],
        "sourceHandle": "15F21",
        "geometrySource": "CAD-DXF-EXTRACT-NUMBER-LAYER",
        "status": "UNKNOWN"
      }
    },
    {
      "type": "Feature",
      "id": 250,
      "geometry": {
        "type": "Polygon",
        "coordinates": [
          [
            [
              76.9008674,
              15.1256418
            ],
            [
              76.900979,
              15.1256418
            ],
            [
              76.900979,
              15.1257232
            ],
            [
              76.9008674,
              15.1257232
            ],
            [
              76.9008674,
              15.1256418
            ]
          ]
        ]
      },
      "properties": {
        "plotNumber": 250,
        "block": "Block E",
        "areaSqM": 108,
        "areaSqFt": 1162.5,
        "frontageM": 12,
        "depthM": 9,
        "dimensions": "12m x 9m",
        "centroidCad": [
          26769.07,
          1421.79
        ],
        "centroidWgs84": [
          76.9009232,
          15.1256825
        ],
        "sourceHandle": "15F22",
        "geometrySource": "CAD-DXF-EXTRACT-NUMBER-LAYER",
        "status": "UNKNOWN"
      }
    },
    {
      "type": "Feature",
      "id": 251,
      "geometry": {
        "type": "Polygon",
        "coordinates": [
          [
            [
              76.9008674,
              15.1255605
            ],
            [
              76.900979,
              15.1255605
            ],
            [
              76.900979,
              15.1256418
            ],
            [
              76.9008674,
              15.1256418
            ],
            [
              76.9008674,
              15.1255605
            ]
          ]
        ]
      },
      "properties": {
        "plotNumber": 251,
        "block": "Block E",
        "areaSqM": 108,
        "areaSqFt": 1162.5,
        "frontageM": 12,
        "depthM": 9,
        "dimensions": "12m x 9m",
        "centroidCad": [
          26769.07,
          1412.79
        ],
        "centroidWgs84": [
          76.9009232,
          15.1256011
        ],
        "sourceHandle": "1903F",
        "geometrySource": "CAD-DXF-EXTRACT-NUMBER-LAYER",
        "status": "UNKNOWN"
      }
    },
    {
      "type": "Feature",
      "id": 252,
      "geometry": {
        "type": "Polygon",
        "coordinates": [
          [
            [
              76.9008674,
              15.1253791
            ],
            [
              76.900979,
              15.1253791
            ],
            [
              76.900979,
              15.1255605
            ],
            [
              76.9008674,
              15.1255605
            ],
            [
              76.9008674,
              15.1253791
            ]
          ]
        ]
      },
      "properties": {
        "plotNumber": 252,
        "block": "Block E",
        "areaSqM": 240.72,
        "areaSqFt": 2591.1,
        "frontageM": 12,
        "depthM": 20.06,
        "dimensions": "12m x 20.06m",
        "centroidCad": [
          26769.07,
          1398.26
        ],
        "centroidWgs84": [
          76.9009232,
          15.1254698
        ],
        "sourceHandle": "15F23",
        "geometrySource": "CAD-DXF-EXTRACT-NUMBER-LAYER",
        "status": "UNKNOWN"
      }
    },
    {
      "type": "Feature",
      "id": 253,
      "geometry": {
        "type": "Polygon",
        "coordinates": [
          [
            [
              76.900672,
              15.1253791
            ],
            [
              76.9007836,
              15.1253791
            ],
            [
              76.9007836,
              15.1256418
            ],
            [
              76.900672,
              15.1256418
            ],
            [
              76.900672,
              15.1253791
            ]
          ]
        ]
      },
      "properties": {
        "plotNumber": 253,
        "block": "Block D",
        "areaSqM": 348.72,
        "areaSqFt": 3753.6,
        "frontageM": 12,
        "depthM": 29.06,
        "dimensions": "12m x 29.06m",
        "centroidCad": [
          26748.07,
          1402.76
        ],
        "centroidWgs84": [
          76.9007278,
          15.1255105
        ],
        "sourceHandle": "15F2E",
        "geometrySource": "CAD-DXF-EXTRACT-NUMBER-LAYER",
        "status": "UNKNOWN"
      }
    },
    {
      "type": "Feature",
      "id": 254,
      "geometry": {
        "type": "Polygon",
        "coordinates": [
          [
            [
              76.900672,
              15.1256418
            ],
            [
              76.9007836,
              15.1256418
            ],
            [
              76.9007836,
              15.1257232
            ],
            [
              76.900672,
              15.1257232
            ],
            [
              76.900672,
              15.1256418
            ]
          ]
        ]
      },
      "properties": {
        "plotNumber": 254,
        "block": "Block D",
        "areaSqM": 108,
        "areaSqFt": 1162.5,
        "frontageM": 12,
        "depthM": 9,
        "dimensions": "12m x 9m",
        "centroidCad": [
          26748.07,
          1421.79
        ],
        "centroidWgs84": [
          76.9007278,
          15.1256825
        ],
        "sourceHandle": "15F2D",
        "geometrySource": "CAD-DXF-EXTRACT-NUMBER-LAYER",
        "status": "UNKNOWN"
      }
    },
    {
      "type": "Feature",
      "id": 255,
      "geometry": {
        "type": "Polygon",
        "coordinates": [
          [
            [
              76.900672,
              15.1257232
            ],
            [
              76.9007836,
              15.1257232
            ],
            [
              76.9007836,
              15.1258046
            ],
            [
              76.900672,
              15.1258046
            ],
            [
              76.900672,
              15.1257232
            ]
          ]
        ]
      },
      "properties": {
        "plotNumber": 255,
        "block": "Block D",
        "areaSqM": 108,
        "areaSqFt": 1162.5,
        "frontageM": 12,
        "depthM": 9,
        "dimensions": "12m x 9m",
        "centroidCad": [
          26748.07,
          1430.79
        ],
        "centroidWgs84": [
          76.9007278,
          15.1257639
        ],
        "sourceHandle": "15F2C",
        "geometrySource": "CAD-DXF-EXTRACT-NUMBER-LAYER",
        "status": "UNKNOWN"
      }
    },
    {
      "type": "Feature",
      "id": 256,
      "geometry": {
        "type": "Polygon",
        "coordinates": [
          [
            [
              76.900672,
              15.1258046
            ],
            [
              76.9007836,
              15.1258046
            ],
            [
              76.9007836,
              15.125886
            ],
            [
              76.900672,
              15.125886
            ],
            [
              76.900672,
              15.1258046
            ]
          ]
        ]
      },
      "properties": {
        "plotNumber": 256,
        "block": "Block D",
        "areaSqM": 108,
        "areaSqFt": 1162.5,
        "frontageM": 12,
        "depthM": 9,
        "dimensions": "12m x 9m",
        "centroidCad": [
          26748.07,
          1439.79
        ],
        "centroidWgs84": [
          76.9007278,
          15.1258453
        ],
        "sourceHandle": "15F2B",
        "geometrySource": "CAD-DXF-EXTRACT-NUMBER-LAYER",
        "status": "UNKNOWN"
      }
    },
    {
      "type": "Feature",
      "id": 257,
      "geometry": {
        "type": "Polygon",
        "coordinates": [
          [
            [
              76.900672,
              15.125886
            ],
            [
              76.9007836,
              15.125886
            ],
            [
              76.9007836,
              15.1259673
            ],
            [
              76.900672,
              15.1259673
            ],
            [
              76.900672,
              15.125886
            ]
          ]
        ]
      },
      "properties": {
        "plotNumber": 257,
        "block": "Block D",
        "areaSqM": 108,
        "areaSqFt": 1162.5,
        "frontageM": 12,
        "depthM": 9,
        "dimensions": "12m x 9m",
        "centroidCad": [
          26748.07,
          1448.79
        ],
        "centroidWgs84": [
          76.9007278,
          15.1259266
        ],
        "sourceHandle": "15F2A",
        "geometrySource": "CAD-DXF-EXTRACT-NUMBER-LAYER",
        "status": "UNKNOWN"
      }
    },
    {
      "type": "Feature",
      "id": 258,
      "geometry": {
        "type": "Polygon",
        "coordinates": [
          [
            [
              76.900672,
              15.1259673
            ],
            [
              76.9007836,
              15.1259673
            ],
            [
              76.9007836,
              15.1260487
            ],
            [
              76.900672,
              15.1260487
            ],
            [
              76.900672,
              15.1259673
            ]
          ]
        ]
      },
      "properties": {
        "plotNumber": 258,
        "block": "Block D",
        "areaSqM": 108,
        "areaSqFt": 1162.5,
        "frontageM": 12,
        "depthM": 9,
        "dimensions": "12m x 9m",
        "centroidCad": [
          26748.07,
          1457.79
        ],
        "centroidWgs84": [
          76.9007278,
          15.126008
        ],
        "sourceHandle": "15F29",
        "geometrySource": "CAD-DXF-EXTRACT-NUMBER-LAYER",
        "status": "UNKNOWN"
      }
    },
    {
      "type": "Feature",
      "id": 259,
      "geometry": {
        "type": "Polygon",
        "coordinates": [
          [
            [
              76.900672,
              15.1260487
            ],
            [
              76.9007836,
              15.1260487
            ],
            [
              76.9007836,
              15.1261301
            ],
            [
              76.900672,
              15.1261301
            ],
            [
              76.900672,
              15.1260487
            ]
          ]
        ]
      },
      "properties": {
        "plotNumber": 259,
        "block": "Block D",
        "areaSqM": 108,
        "areaSqFt": 1162.5,
        "frontageM": 12,
        "depthM": 9,
        "dimensions": "12m x 9m",
        "centroidCad": [
          26748.07,
          1466.79
        ],
        "centroidWgs84": [
          76.9007278,
          15.1260894
        ],
        "sourceHandle": "15F28",
        "geometrySource": "CAD-DXF-EXTRACT-NUMBER-LAYER",
        "status": "UNKNOWN"
      }
    },
    {
      "type": "Feature",
      "id": 260,
      "geometry": {
        "type": "Polygon",
        "coordinates": [
          [
            [
              76.900672,
              15.1261301
            ],
            [
              76.9007836,
              15.1261301
            ],
            [
              76.9007836,
              15.1262115
            ],
            [
              76.900672,
              15.1262115
            ],
            [
              76.900672,
              15.1261301
            ]
          ]
        ]
      },
      "properties": {
        "plotNumber": 260,
        "block": "Block D",
        "areaSqM": 108,
        "areaSqFt": 1162.5,
        "frontageM": 12,
        "depthM": 9,
        "dimensions": "12m x 9m",
        "centroidCad": [
          26748.07,
          1475.79
        ],
        "centroidWgs84": [
          76.9007278,
          15.1261708
        ],
        "sourceHandle": "15F27",
        "geometrySource": "CAD-DXF-EXTRACT-NUMBER-LAYER",
        "status": "UNKNOWN"
      }
    },
    {
      "type": "Feature",
      "id": 261,
      "geometry": {
        "type": "Polygon",
        "coordinates": [
          [
            [
              76.900672,
              15.1262115
            ],
            [
              76.9007836,
              15.1262115
            ],
            [
              76.9007836,
              15.1262928
            ],
            [
              76.900672,
              15.1262928
            ],
            [
              76.900672,
              15.1262115
            ]
          ]
        ]
      },
      "properties": {
        "plotNumber": 261,
        "block": "Block D",
        "areaSqM": 108,
        "areaSqFt": 1162.5,
        "frontageM": 12,
        "depthM": 9,
        "dimensions": "12m x 9m",
        "centroidCad": [
          26748.07,
          1484.79
        ],
        "centroidWgs84": [
          76.9007278,
          15.1262521
        ],
        "sourceHandle": "15F26",
        "geometrySource": "CAD-DXF-EXTRACT-NUMBER-LAYER",
        "status": "UNKNOWN"
      }
    },
    {
      "type": "Feature",
      "id": 262,
      "geometry": {
        "type": "Polygon",
        "coordinates": [
          [
            [
              76.900672,
              15.1262928
            ],
            [
              76.9007836,
              15.1262928
            ],
            [
              76.9007836,
              15.1264013
            ],
            [
              76.900672,
              15.1264013
            ],
            [
              76.900672,
              15.1262928
            ]
          ]
        ]
      },
      "properties": {
        "plotNumber": 262,
        "block": "Block D",
        "areaSqM": 144,
        "areaSqFt": 1550,
        "frontageM": 12,
        "depthM": 12,
        "dimensions": "12m x 12m",
        "centroidCad": [
          26748.07,
          1495.29
        ],
        "centroidWgs84": [
          76.9007278,
          15.1263471
        ],
        "sourceHandle": "15F25",
        "geometrySource": "CAD-DXF-EXTRACT-NUMBER-LAYER",
        "status": "UNKNOWN"
      }
    },
    {
      "type": "Feature",
      "id": 263,
      "geometry": {
        "type": "Polygon",
        "coordinates": [
          [
            [
              76.9005603,
              15.1262928
            ],
            [
              76.900672,
              15.1262928
            ],
            [
              76.900672,
              15.1264013
            ],
            [
              76.9005603,
              15.1264013
            ],
            [
              76.9005603,
              15.1262928
            ]
          ]
        ]
      },
      "properties": {
        "plotNumber": 263,
        "block": "Block D",
        "areaSqM": 144,
        "areaSqFt": 1550,
        "frontageM": 12,
        "depthM": 12,
        "dimensions": "12m x 12m",
        "centroidCad": [
          26736.07,
          1495.29
        ],
        "centroidWgs84": [
          76.9006161,
          15.1263471
        ],
        "sourceHandle": "15F30",
        "geometrySource": "CAD-DXF-EXTRACT-NUMBER-LAYER",
        "status": "UNKNOWN"
      }
    },
    {
      "type": "Feature",
      "id": 264,
      "geometry": {
        "type": "Polygon",
        "coordinates": [
          [
            [
              76.9005603,
              15.1262115
            ],
            [
              76.900672,
              15.1262115
            ],
            [
              76.900672,
              15.1262928
            ],
            [
              76.9005603,
              15.1262928
            ],
            [
              76.9005603,
              15.1262115
            ]
          ]
        ]
      },
      "properties": {
        "plotNumber": 264,
        "block": "Block D",
        "areaSqM": 108,
        "areaSqFt": 1162.5,
        "frontageM": 12,
        "depthM": 9,
        "dimensions": "12m x 9m",
        "centroidCad": [
          26736.07,
          1484.79
        ],
        "centroidWgs84": [
          76.9006161,
          15.1262521
        ],
        "sourceHandle": "15F31",
        "geometrySource": "CAD-DXF-EXTRACT-NUMBER-LAYER",
        "status": "UNKNOWN"
      }
    },
    {
      "type": "Feature",
      "id": 265,
      "geometry": {
        "type": "Polygon",
        "coordinates": [
          [
            [
              76.9005603,
              15.1261301
            ],
            [
              76.900672,
              15.1261301
            ],
            [
              76.900672,
              15.1262115
            ],
            [
              76.9005603,
              15.1262115
            ],
            [
              76.9005603,
              15.1261301
            ]
          ]
        ]
      },
      "properties": {
        "plotNumber": 265,
        "block": "Block D",
        "areaSqM": 108,
        "areaSqFt": 1162.5,
        "frontageM": 12,
        "depthM": 9,
        "dimensions": "12m x 9m",
        "centroidCad": [
          26736.07,
          1475.79
        ],
        "centroidWgs84": [
          76.9006161,
          15.1261708
        ],
        "sourceHandle": "15F32",
        "geometrySource": "CAD-DXF-EXTRACT-NUMBER-LAYER",
        "status": "UNKNOWN"
      }
    },
    {
      "type": "Feature",
      "id": 266,
      "geometry": {
        "type": "Polygon",
        "coordinates": [
          [
            [
              76.9005603,
              15.1260487
            ],
            [
              76.900672,
              15.1260487
            ],
            [
              76.900672,
              15.1261301
            ],
            [
              76.9005603,
              15.1261301
            ],
            [
              76.9005603,
              15.1260487
            ]
          ]
        ]
      },
      "properties": {
        "plotNumber": 266,
        "block": "Block D",
        "areaSqM": 108,
        "areaSqFt": 1162.5,
        "frontageM": 12,
        "depthM": 9,
        "dimensions": "12m x 9m",
        "centroidCad": [
          26736.07,
          1466.79
        ],
        "centroidWgs84": [
          76.9006161,
          15.1260894
        ],
        "sourceHandle": "15F33",
        "geometrySource": "CAD-DXF-EXTRACT-NUMBER-LAYER",
        "status": "UNKNOWN"
      }
    },
    {
      "type": "Feature",
      "id": 267,
      "geometry": {
        "type": "Polygon",
        "coordinates": [
          [
            [
              76.9005603,
              15.1259673
            ],
            [
              76.900672,
              15.1259673
            ],
            [
              76.900672,
              15.1260487
            ],
            [
              76.9005603,
              15.1260487
            ],
            [
              76.9005603,
              15.1259673
            ]
          ]
        ]
      },
      "properties": {
        "plotNumber": 267,
        "block": "Block D",
        "areaSqM": 108,
        "areaSqFt": 1162.5,
        "frontageM": 12,
        "depthM": 9,
        "dimensions": "12m x 9m",
        "centroidCad": [
          26736.07,
          1457.79
        ],
        "centroidWgs84": [
          76.9006161,
          15.126008
        ],
        "sourceHandle": "15F34",
        "geometrySource": "CAD-DXF-EXTRACT-NUMBER-LAYER",
        "status": "UNKNOWN"
      }
    },
    {
      "type": "Feature",
      "id": 268,
      "geometry": {
        "type": "Polygon",
        "coordinates": [
          [
            [
              76.9005603,
              15.125886
            ],
            [
              76.900672,
              15.125886
            ],
            [
              76.900672,
              15.1259673
            ],
            [
              76.9005603,
              15.1259673
            ],
            [
              76.9005603,
              15.125886
            ]
          ]
        ]
      },
      "properties": {
        "plotNumber": 268,
        "block": "Block D",
        "areaSqM": 108,
        "areaSqFt": 1162.5,
        "frontageM": 12,
        "depthM": 9,
        "dimensions": "12m x 9m",
        "centroidCad": [
          26736.07,
          1448.79
        ],
        "centroidWgs84": [
          76.9006161,
          15.1259266
        ],
        "sourceHandle": "15F35",
        "geometrySource": "CAD-DXF-EXTRACT-NUMBER-LAYER",
        "status": "UNKNOWN"
      }
    },
    {
      "type": "Feature",
      "id": 269,
      "geometry": {
        "type": "Polygon",
        "coordinates": [
          [
            [
              76.9005603,
              15.1258046
            ],
            [
              76.900672,
              15.1258046
            ],
            [
              76.900672,
              15.125886
            ],
            [
              76.9005603,
              15.125886
            ],
            [
              76.9005603,
              15.1258046
            ]
          ]
        ]
      },
      "properties": {
        "plotNumber": 269,
        "block": "Block D",
        "areaSqM": 108,
        "areaSqFt": 1162.5,
        "frontageM": 12,
        "depthM": 9,
        "dimensions": "12m x 9m",
        "centroidCad": [
          26736.07,
          1439.79
        ],
        "centroidWgs84": [
          76.9006161,
          15.1258453
        ],
        "sourceHandle": "15F36",
        "geometrySource": "CAD-DXF-EXTRACT-NUMBER-LAYER",
        "status": "UNKNOWN"
      }
    },
    {
      "type": "Feature",
      "id": 270,
      "geometry": {
        "type": "Polygon",
        "coordinates": [
          [
            [
              76.9005603,
              15.1257232
            ],
            [
              76.900672,
              15.1257232
            ],
            [
              76.900672,
              15.1258046
            ],
            [
              76.9005603,
              15.1258046
            ],
            [
              76.9005603,
              15.1257232
            ]
          ]
        ]
      },
      "properties": {
        "plotNumber": 270,
        "block": "Block D",
        "areaSqM": 108,
        "areaSqFt": 1162.5,
        "frontageM": 12,
        "depthM": 9,
        "dimensions": "12m x 9m",
        "centroidCad": [
          26736.07,
          1430.79
        ],
        "centroidWgs84": [
          76.9006161,
          15.1257639
        ],
        "sourceHandle": "15F37",
        "geometrySource": "CAD-DXF-EXTRACT-NUMBER-LAYER",
        "status": "UNKNOWN"
      }
    },
    {
      "type": "Feature",
      "id": 271,
      "geometry": {
        "type": "Polygon",
        "coordinates": [
          [
            [
              76.9005603,
              15.1256418
            ],
            [
              76.900672,
              15.1256418
            ],
            [
              76.900672,
              15.1257232
            ],
            [
              76.9005603,
              15.1257232
            ],
            [
              76.9005603,
              15.1256418
            ]
          ]
        ]
      },
      "properties": {
        "plotNumber": 271,
        "block": "Block D",
        "areaSqM": 108,
        "areaSqFt": 1162.5,
        "frontageM": 12,
        "depthM": 9,
        "dimensions": "12m x 9m",
        "centroidCad": [
          26736.07,
          1421.79
        ],
        "centroidWgs84": [
          76.9006161,
          15.1256825
        ],
        "sourceHandle": "15F38",
        "geometrySource": "CAD-DXF-EXTRACT-NUMBER-LAYER",
        "status": "UNKNOWN"
      }
    },
    {
      "type": "Feature",
      "id": 272,
      "geometry": {
        "type": "Polygon",
        "coordinates": [
          [
            [
              76.9005603,
              15.1254208
            ],
            [
              76.900672,
              15.1254208
            ],
            [
              76.900672,
              15.1256418
            ],
            [
              76.9005603,
              15.1256418
            ],
            [
              76.9005603,
              15.1254208
            ]
          ]
        ]
      },
      "properties": {
        "plotNumber": 272,
        "block": "Block D",
        "areaSqM": 293.4,
        "areaSqFt": 3158.1,
        "frontageM": 12,
        "depthM": 24.45,
        "dimensions": "12m x 24.45m",
        "centroidCad": [
          26736.07,
          1405.07
        ],
        "centroidWgs84": [
          76.9006161,
          15.1255313
        ],
        "sourceHandle": "15F39",
        "geometrySource": "CAD-DXF-EXTRACT-NUMBER-LAYER",
        "status": "UNKNOWN"
      }
    },
    {
      "type": "Feature",
      "id": 273,
      "geometry": {
        "type": "Polygon",
        "coordinates": [
          [
            [
              76.9003258,
              15.1254208
            ],
            [
              76.9004486,
              15.1254208
            ],
            [
              76.9004486,
              15.1256418
            ],
            [
              76.9003258,
              15.1256418
            ],
            [
              76.9003258,
              15.1254208
            ]
          ]
        ]
      },
      "properties": {
        "plotNumber": 273,
        "block": "Block C",
        "areaSqM": 322.74,
        "areaSqFt": 3473.9,
        "frontageM": 13.2,
        "depthM": 24.45,
        "dimensions": "13.2m x 24.45m",
        "centroidCad": [
          26711.47,
          1405.07
        ],
        "centroidWgs84": [
          76.9003872,
          15.1255313
        ],
        "sourceHandle": "15F54",
        "geometrySource": "CAD-DXF-EXTRACT-NUMBER-LAYER",
        "status": "UNKNOWN"
      }
    },
    {
      "type": "Feature",
      "id": 274,
      "geometry": {
        "type": "Polygon",
        "coordinates": [
          [
            [
              76.9003258,
              15.1256418
            ],
            [
              76.9004486,
              15.1256418
            ],
            [
              76.9004486,
              15.1257232
            ],
            [
              76.9003258,
              15.1257232
            ],
            [
              76.9003258,
              15.1256418
            ]
          ]
        ]
      },
      "properties": {
        "plotNumber": 274,
        "block": "Block C",
        "areaSqM": 118.8,
        "areaSqFt": 1278.8,
        "frontageM": 13.2,
        "depthM": 9,
        "dimensions": "13.2m x 9m",
        "centroidCad": [
          26711.47,
          1421.79
        ],
        "centroidWgs84": [
          76.9003872,
          15.1256825
        ],
        "sourceHandle": "15F43",
        "geometrySource": "CAD-DXF-EXTRACT-NUMBER-LAYER",
        "status": "UNKNOWN"
      }
    },
    {
      "type": "Feature",
      "id": 275,
      "geometry": {
        "type": "Polygon",
        "coordinates": [
          [
            [
              76.9003258,
              15.1257232
            ],
            [
              76.9004486,
              15.1257232
            ],
            [
              76.9004486,
              15.1258046
            ],
            [
              76.9003258,
              15.1258046
            ],
            [
              76.9003258,
              15.1257232
            ]
          ]
        ]
      },
      "properties": {
        "plotNumber": 275,
        "block": "Block C",
        "areaSqM": 118.8,
        "areaSqFt": 1278.8,
        "frontageM": 13.2,
        "depthM": 9,
        "dimensions": "13.2m x 9m",
        "centroidCad": [
          26711.47,
          1430.79
        ],
        "centroidWgs84": [
          76.9003872,
          15.1257639
        ],
        "sourceHandle": "15F42",
        "geometrySource": "CAD-DXF-EXTRACT-NUMBER-LAYER",
        "status": "UNKNOWN"
      }
    },
    {
      "type": "Feature",
      "id": 276,
      "geometry": {
        "type": "Polygon",
        "coordinates": [
          [
            [
              76.9003258,
              15.1258046
            ],
            [
              76.9004486,
              15.1258046
            ],
            [
              76.9004486,
              15.125886
            ],
            [
              76.9003258,
              15.125886
            ],
            [
              76.9003258,
              15.1258046
            ]
          ]
        ]
      },
      "properties": {
        "plotNumber": 276,
        "block": "Block C",
        "areaSqM": 118.8,
        "areaSqFt": 1278.8,
        "frontageM": 13.2,
        "depthM": 9,
        "dimensions": "13.2m x 9m",
        "centroidCad": [
          26711.47,
          1439.79
        ],
        "centroidWgs84": [
          76.9003872,
          15.1258453
        ],
        "sourceHandle": "15F41",
        "geometrySource": "CAD-DXF-EXTRACT-NUMBER-LAYER",
        "status": "UNKNOWN"
      }
    },
    {
      "type": "Feature",
      "id": 277,
      "geometry": {
        "type": "Polygon",
        "coordinates": [
          [
            [
              76.9003258,
              15.125886
            ],
            [
              76.9004486,
              15.125886
            ],
            [
              76.9004486,
              15.1259673
            ],
            [
              76.9003258,
              15.1259673
            ],
            [
              76.9003258,
              15.125886
            ]
          ]
        ]
      },
      "properties": {
        "plotNumber": 277,
        "block": "Block C",
        "areaSqM": 118.8,
        "areaSqFt": 1278.8,
        "frontageM": 13.2,
        "depthM": 9,
        "dimensions": "13.2m x 9m",
        "centroidCad": [
          26711.47,
          1448.79
        ],
        "centroidWgs84": [
          76.9003872,
          15.1259266
        ],
        "sourceHandle": "15F40",
        "geometrySource": "CAD-DXF-EXTRACT-NUMBER-LAYER",
        "status": "UNKNOWN"
      }
    },
    {
      "type": "Feature",
      "id": 278,
      "geometry": {
        "type": "Polygon",
        "coordinates": [
          [
            [
              76.9003258,
              15.1259673
            ],
            [
              76.9004486,
              15.1259673
            ],
            [
              76.9004486,
              15.1260487
            ],
            [
              76.9003258,
              15.1260487
            ],
            [
              76.9003258,
              15.1259673
            ]
          ]
        ]
      },
      "properties": {
        "plotNumber": 278,
        "block": "Block C",
        "areaSqM": 118.8,
        "areaSqFt": 1278.8,
        "frontageM": 13.2,
        "depthM": 9,
        "dimensions": "13.2m x 9m",
        "centroidCad": [
          26711.47,
          1457.79
        ],
        "centroidWgs84": [
          76.9003872,
          15.126008
        ],
        "sourceHandle": "15F3F",
        "geometrySource": "CAD-DXF-EXTRACT-NUMBER-LAYER",
        "status": "UNKNOWN"
      }
    },
    {
      "type": "Feature",
      "id": 279,
      "geometry": {
        "type": "Polygon",
        "coordinates": [
          [
            [
              76.9003258,
              15.1260487
            ],
            [
              76.9004486,
              15.1260487
            ],
            [
              76.9004486,
              15.1261301
            ],
            [
              76.9003258,
              15.1261301
            ],
            [
              76.9003258,
              15.1260487
            ]
          ]
        ]
      },
      "properties": {
        "plotNumber": 279,
        "block": "Block C",
        "areaSqM": 118.8,
        "areaSqFt": 1278.8,
        "frontageM": 13.2,
        "depthM": 9,
        "dimensions": "13.2m x 9m",
        "centroidCad": [
          26711.47,
          1466.79
        ],
        "centroidWgs84": [
          76.9003872,
          15.1260894
        ],
        "sourceHandle": "15F3E",
        "geometrySource": "CAD-DXF-EXTRACT-NUMBER-LAYER",
        "status": "UNKNOWN"
      }
    },
    {
      "type": "Feature",
      "id": 280,
      "geometry": {
        "type": "Polygon",
        "coordinates": [
          [
            [
              76.9003258,
              15.1261301
            ],
            [
              76.9004486,
              15.1261301
            ],
            [
              76.9004486,
              15.1262115
            ],
            [
              76.9003258,
              15.1262115
            ],
            [
              76.9003258,
              15.1261301
            ]
          ]
        ]
      },
      "properties": {
        "plotNumber": 280,
        "block": "Block C",
        "areaSqM": 118.8,
        "areaSqFt": 1278.8,
        "frontageM": 13.2,
        "depthM": 9,
        "dimensions": "13.2m x 9m",
        "centroidCad": [
          26711.47,
          1475.79
        ],
        "centroidWgs84": [
          76.9003872,
          15.1261708
        ],
        "sourceHandle": "15F3D",
        "geometrySource": "CAD-DXF-EXTRACT-NUMBER-LAYER",
        "status": "UNKNOWN"
      }
    },
    {
      "type": "Feature",
      "id": 281,
      "geometry": {
        "type": "Polygon",
        "coordinates": [
          [
            [
              76.9003258,
              15.1262115
            ],
            [
              76.9004486,
              15.1262115
            ],
            [
              76.9004486,
              15.1262928
            ],
            [
              76.9003258,
              15.1262928
            ],
            [
              76.9003258,
              15.1262115
            ]
          ]
        ]
      },
      "properties": {
        "plotNumber": 281,
        "block": "Block C",
        "areaSqM": 118.8,
        "areaSqFt": 1278.8,
        "frontageM": 13.2,
        "depthM": 9,
        "dimensions": "13.2m x 9m",
        "centroidCad": [
          26711.47,
          1484.79
        ],
        "centroidWgs84": [
          76.9003872,
          15.1262521
        ],
        "sourceHandle": "15F3C",
        "geometrySource": "CAD-DXF-EXTRACT-NUMBER-LAYER",
        "status": "UNKNOWN"
      }
    },
    {
      "type": "Feature",
      "id": 282,
      "geometry": {
        "type": "Polygon",
        "coordinates": [
          [
            [
              76.9003258,
              15.1262928
            ],
            [
              76.9004486,
              15.1262928
            ],
            [
              76.9004486,
              15.1264013
            ],
            [
              76.9003258,
              15.1264013
            ],
            [
              76.9003258,
              15.1262928
            ]
          ]
        ]
      },
      "properties": {
        "plotNumber": 282,
        "block": "Block C",
        "areaSqM": 158.4,
        "areaSqFt": 1705,
        "frontageM": 13.2,
        "depthM": 12,
        "dimensions": "13.2m x 12m",
        "centroidCad": [
          26711.47,
          1495.29
        ],
        "centroidWgs84": [
          76.9003872,
          15.1263471
        ],
        "sourceHandle": "15F3B",
        "geometrySource": "CAD-DXF-EXTRACT-NUMBER-LAYER",
        "status": "UNKNOWN"
      }
    },
    {
      "type": "Feature",
      "id": 283,
      "geometry": {
        "type": "Polygon",
        "coordinates": [
          [
            [
              76.9002141,
              15.1262928
            ],
            [
              76.9003258,
              15.1262928
            ],
            [
              76.9003258,
              15.1264013
            ],
            [
              76.9002141,
              15.1264013
            ],
            [
              76.9002141,
              15.1262928
            ]
          ]
        ]
      },
      "properties": {
        "plotNumber": 283,
        "block": "Block C",
        "areaSqM": 144,
        "areaSqFt": 1550,
        "frontageM": 12,
        "depthM": 12,
        "dimensions": "12m x 12m",
        "centroidCad": [
          26698.87,
          1495.29
        ],
        "centroidWgs84": [
          76.90027,
          15.1263471
        ],
        "sourceHandle": "15F44",
        "geometrySource": "CAD-DXF-EXTRACT-NUMBER-LAYER",
        "status": "UNKNOWN"
      }
    },
    {
      "type": "Feature",
      "id": 284,
      "geometry": {
        "type": "Polygon",
        "coordinates": [
          [
            [
              76.9002141,
              15.1262115
            ],
            [
              76.9003258,
              15.1262115
            ],
            [
              76.9003258,
              15.1262928
            ],
            [
              76.9002141,
              15.1262928
            ],
            [
              76.9002141,
              15.1262115
            ]
          ]
        ]
      },
      "properties": {
        "plotNumber": 284,
        "block": "Block C",
        "areaSqM": 108,
        "areaSqFt": 1162.5,
        "frontageM": 12,
        "depthM": 9,
        "dimensions": "12m x 9m",
        "centroidCad": [
          26698.87,
          1484.79
        ],
        "centroidWgs84": [
          76.90027,
          15.1262521
        ],
        "sourceHandle": "15F45",
        "geometrySource": "CAD-DXF-EXTRACT-NUMBER-LAYER",
        "status": "UNKNOWN"
      }
    },
    {
      "type": "Feature",
      "id": 285,
      "geometry": {
        "type": "Polygon",
        "coordinates": [
          [
            [
              76.9002141,
              15.1261301
            ],
            [
              76.9003258,
              15.1261301
            ],
            [
              76.9003258,
              15.1262115
            ],
            [
              76.9002141,
              15.1262115
            ],
            [
              76.9002141,
              15.1261301
            ]
          ]
        ]
      },
      "properties": {
        "plotNumber": 285,
        "block": "Block C",
        "areaSqM": 108,
        "areaSqFt": 1162.5,
        "frontageM": 12,
        "depthM": 9,
        "dimensions": "12m x 9m",
        "centroidCad": [
          26698.87,
          1475.79
        ],
        "centroidWgs84": [
          76.90027,
          15.1261708
        ],
        "sourceHandle": "15F46",
        "geometrySource": "CAD-DXF-EXTRACT-NUMBER-LAYER",
        "status": "UNKNOWN"
      }
    },
    {
      "type": "Feature",
      "id": 286,
      "geometry": {
        "type": "Polygon",
        "coordinates": [
          [
            [
              76.9002141,
              15.1260487
            ],
            [
              76.9003258,
              15.1260487
            ],
            [
              76.9003258,
              15.1261301
            ],
            [
              76.9002141,
              15.1261301
            ],
            [
              76.9002141,
              15.1260487
            ]
          ]
        ]
      },
      "properties": {
        "plotNumber": 286,
        "block": "Block C",
        "areaSqM": 108,
        "areaSqFt": 1162.5,
        "frontageM": 12,
        "depthM": 9,
        "dimensions": "12m x 9m",
        "centroidCad": [
          26698.87,
          1466.79
        ],
        "centroidWgs84": [
          76.90027,
          15.1260894
        ],
        "sourceHandle": "15F47",
        "geometrySource": "CAD-DXF-EXTRACT-NUMBER-LAYER",
        "status": "UNKNOWN"
      }
    },
    {
      "type": "Feature",
      "id": 287,
      "geometry": {
        "type": "Polygon",
        "coordinates": [
          [
            [
              76.9002141,
              15.1259673
            ],
            [
              76.9003258,
              15.1259673
            ],
            [
              76.9003258,
              15.1260487
            ],
            [
              76.9002141,
              15.1260487
            ],
            [
              76.9002141,
              15.1259673
            ]
          ]
        ]
      },
      "properties": {
        "plotNumber": 287,
        "block": "Block C",
        "areaSqM": 108,
        "areaSqFt": 1162.5,
        "frontageM": 12,
        "depthM": 9,
        "dimensions": "12m x 9m",
        "centroidCad": [
          26698.87,
          1457.79
        ],
        "centroidWgs84": [
          76.90027,
          15.126008
        ],
        "sourceHandle": "15F48",
        "geometrySource": "CAD-DXF-EXTRACT-NUMBER-LAYER",
        "status": "UNKNOWN"
      }
    },
    {
      "type": "Feature",
      "id": 288,
      "geometry": {
        "type": "Polygon",
        "coordinates": [
          [
            [
              76.9002141,
              15.125886
            ],
            [
              76.9003258,
              15.125886
            ],
            [
              76.9003258,
              15.1259673
            ],
            [
              76.9002141,
              15.1259673
            ],
            [
              76.9002141,
              15.125886
            ]
          ]
        ]
      },
      "properties": {
        "plotNumber": 288,
        "block": "Block C",
        "areaSqM": 108,
        "areaSqFt": 1162.5,
        "frontageM": 12,
        "depthM": 9,
        "dimensions": "12m x 9m",
        "centroidCad": [
          26698.87,
          1448.79
        ],
        "centroidWgs84": [
          76.90027,
          15.1259266
        ],
        "sourceHandle": "15F49",
        "geometrySource": "CAD-DXF-EXTRACT-NUMBER-LAYER",
        "status": "UNKNOWN"
      }
    },
    {
      "type": "Feature",
      "id": 289,
      "geometry": {
        "type": "Polygon",
        "coordinates": [
          [
            [
              76.9002141,
              15.1258046
            ],
            [
              76.9003258,
              15.1258046
            ],
            [
              76.9003258,
              15.125886
            ],
            [
              76.9002141,
              15.125886
            ],
            [
              76.9002141,
              15.1258046
            ]
          ]
        ]
      },
      "properties": {
        "plotNumber": 289,
        "block": "Block C",
        "areaSqM": 108,
        "areaSqFt": 1162.5,
        "frontageM": 12,
        "depthM": 9,
        "dimensions": "12m x 9m",
        "centroidCad": [
          26698.87,
          1439.79
        ],
        "centroidWgs84": [
          76.90027,
          15.1258453
        ],
        "sourceHandle": "15F4A",
        "geometrySource": "CAD-DXF-EXTRACT-NUMBER-LAYER",
        "status": "UNKNOWN"
      }
    },
    {
      "type": "Feature",
      "id": 290,
      "geometry": {
        "type": "Polygon",
        "coordinates": [
          [
            [
              76.9002141,
              15.1257232
            ],
            [
              76.9003258,
              15.1257232
            ],
            [
              76.9003258,
              15.1258046
            ],
            [
              76.9002141,
              15.1258046
            ],
            [
              76.9002141,
              15.1257232
            ]
          ]
        ]
      },
      "properties": {
        "plotNumber": 290,
        "block": "Block C",
        "areaSqM": 108,
        "areaSqFt": 1162.5,
        "frontageM": 12,
        "depthM": 9,
        "dimensions": "12m x 9m",
        "centroidCad": [
          26698.87,
          1430.79
        ],
        "centroidWgs84": [
          76.90027,
          15.1257639
        ],
        "sourceHandle": "15F4B",
        "geometrySource": "CAD-DXF-EXTRACT-NUMBER-LAYER",
        "status": "UNKNOWN"
      }
    },
    {
      "type": "Feature",
      "id": 291,
      "geometry": {
        "type": "Polygon",
        "coordinates": [
          [
            [
              76.9002141,
              15.1256418
            ],
            [
              76.9003258,
              15.1256418
            ],
            [
              76.9003258,
              15.1257232
            ],
            [
              76.9002141,
              15.1257232
            ],
            [
              76.9002141,
              15.1256418
            ]
          ]
        ]
      },
      "properties": {
        "plotNumber": 291,
        "block": "Block C",
        "areaSqM": 108,
        "areaSqFt": 1162.5,
        "frontageM": 12,
        "depthM": 9,
        "dimensions": "12m x 9m",
        "centroidCad": [
          26698.87,
          1421.79
        ],
        "centroidWgs84": [
          76.90027,
          15.1256825
        ],
        "sourceHandle": "15F4C",
        "geometrySource": "CAD-DXF-EXTRACT-NUMBER-LAYER",
        "status": "UNKNOWN"
      }
    },
    {
      "type": "Feature",
      "id": 292,
      "geometry": {
        "type": "Polygon",
        "coordinates": [
          [
            [
              76.9002141,
              15.1254662
            ],
            [
              76.9003258,
              15.1254662
            ],
            [
              76.9003258,
              15.1256418
            ],
            [
              76.9002141,
              15.1256418
            ],
            [
              76.9002141,
              15.1254662
            ]
          ]
        ]
      },
      "properties": {
        "plotNumber": 292,
        "block": "Block C",
        "areaSqM": 233.04,
        "areaSqFt": 2508.4,
        "frontageM": 12,
        "depthM": 19.42,
        "dimensions": "12m x 19.42m",
        "centroidCad": [
          26698.87,
          1407.58
        ],
        "centroidWgs84": [
          76.90027,
          15.125554
        ],
        "sourceHandle": "15F55",
        "geometrySource": "CAD-DXF-EXTRACT-NUMBER-LAYER",
        "status": "UNKNOWN"
      }
    },
    {
      "type": "Feature",
      "id": 293,
      "geometry": {
        "type": "Polygon",
        "coordinates": [
          [
            [
              76.9000187,
              15.1254662
            ],
            [
              76.9001304,
              15.1254662
            ],
            [
              76.9001304,
              15.1257232
            ],
            [
              76.9000187,
              15.1257232
            ],
            [
              76.9000187,
              15.1254662
            ]
          ]
        ]
      },
      "properties": {
        "plotNumber": 293,
        "block": "Block B",
        "areaSqM": 341.04,
        "areaSqFt": 3670.9,
        "frontageM": 12,
        "depthM": 28.42,
        "dimensions": "12m x 28.42m",
        "centroidCad": [
          26677.87,
          1412.08
        ],
        "centroidWgs84": [
          76.9000745,
          15.1255947
        ],
        "sourceHandle": "17A19",
        "geometrySource": "CAD-DXF-EXTRACT-NUMBER-LAYER",
        "status": "UNKNOWN"
      }
    },
    {
      "type": "Feature",
      "id": 294,
      "geometry": {
        "type": "Polygon",
        "coordinates": [
          [
            [
              76.9000187,
              15.1257232
            ],
            [
              76.9001304,
              15.1257232
            ],
            [
              76.9001304,
              15.1258046
            ],
            [
              76.9000187,
              15.1258046
            ],
            [
              76.9000187,
              15.1257232
            ]
          ]
        ]
      },
      "properties": {
        "plotNumber": 294,
        "block": "Block B",
        "areaSqM": 108,
        "areaSqFt": 1162.5,
        "frontageM": 12,
        "depthM": 9,
        "dimensions": "12m x 9m",
        "centroidCad": [
          26677.87,
          1430.79
        ],
        "centroidWgs84": [
          76.9000745,
          15.1257639
        ],
        "sourceHandle": "15F50",
        "geometrySource": "CAD-DXF-EXTRACT-NUMBER-LAYER",
        "status": "UNKNOWN"
      }
    },
    {
      "type": "Feature",
      "id": 295,
      "geometry": {
        "type": "Polygon",
        "coordinates": [
          [
            [
              76.9000187,
              15.1258046
            ],
            [
              76.9001304,
              15.1258046
            ],
            [
              76.9001304,
              15.125886
            ],
            [
              76.9000187,
              15.125886
            ],
            [
              76.9000187,
              15.1258046
            ]
          ]
        ]
      },
      "properties": {
        "plotNumber": 295,
        "block": "Block B",
        "areaSqM": 108,
        "areaSqFt": 1162.5,
        "frontageM": 12,
        "depthM": 9,
        "dimensions": "12m x 9m",
        "centroidCad": [
          26677.87,
          1439.79
        ],
        "centroidWgs84": [
          76.9000745,
          15.1258453
        ],
        "sourceHandle": "15F4F",
        "geometrySource": "CAD-DXF-EXTRACT-NUMBER-LAYER",
        "status": "UNKNOWN"
      }
    },
    {
      "type": "Feature",
      "id": 296,
      "geometry": {
        "type": "Polygon",
        "coordinates": [
          [
            [
              76.9000187,
              15.125886
            ],
            [
              76.9001304,
              15.125886
            ],
            [
              76.9001304,
              15.1259673
            ],
            [
              76.9000187,
              15.1259673
            ],
            [
              76.9000187,
              15.125886
            ]
          ]
        ]
      },
      "properties": {
        "plotNumber": 296,
        "block": "Block B",
        "areaSqM": 108,
        "areaSqFt": 1162.5,
        "frontageM": 12,
        "depthM": 9,
        "dimensions": "12m x 9m",
        "centroidCad": [
          26677.87,
          1448.79
        ],
        "centroidWgs84": [
          76.9000745,
          15.1259266
        ],
        "sourceHandle": "15F4E",
        "geometrySource": "CAD-DXF-EXTRACT-NUMBER-LAYER",
        "status": "UNKNOWN"
      }
    },
    {
      "type": "Feature",
      "id": 297,
      "geometry": {
        "type": "Polygon",
        "coordinates": [
          [
            [
              76.9000187,
              15.1259673
            ],
            [
              76.9001304,
              15.1259673
            ],
            [
              76.9001304,
              15.1260487
            ],
            [
              76.9000187,
              15.1260487
            ],
            [
              76.9000187,
              15.1259673
            ]
          ]
        ]
      },
      "properties": {
        "plotNumber": 297,
        "block": "Block B",
        "areaSqM": 108,
        "areaSqFt": 1162.5,
        "frontageM": 12,
        "depthM": 9,
        "dimensions": "12m x 9m",
        "centroidCad": [
          26677.87,
          1457.79
        ],
        "centroidWgs84": [
          76.9000745,
          15.126008
        ],
        "sourceHandle": "16138",
        "geometrySource": "CAD-DXF-EXTRACT-NUMBER-LAYER",
        "status": "UNKNOWN"
      }
    },
    {
      "type": "Feature",
      "id": 298,
      "geometry": {
        "type": "Polygon",
        "coordinates": [
          [
            [
              76.9000187,
              15.1260487
            ],
            [
              76.9001304,
              15.1260487
            ],
            [
              76.9001304,
              15.1261301
            ],
            [
              76.9000187,
              15.1261301
            ],
            [
              76.9000187,
              15.1260487
            ]
          ]
        ]
      },
      "properties": {
        "plotNumber": 298,
        "block": "Block B",
        "areaSqM": 108,
        "areaSqFt": 1162.5,
        "frontageM": 12,
        "depthM": 9,
        "dimensions": "12m x 9m",
        "centroidCad": [
          26677.87,
          1466.79
        ],
        "centroidWgs84": [
          76.9000745,
          15.1260894
        ],
        "sourceHandle": "16139",
        "geometrySource": "CAD-DXF-EXTRACT-NUMBER-LAYER",
        "status": "UNKNOWN"
      }
    },
    {
      "type": "Feature",
      "id": 299,
      "geometry": {
        "type": "Polygon",
        "coordinates": [
          [
            [
              76.9000187,
              15.1261301
            ],
            [
              76.9001304,
              15.1261301
            ],
            [
              76.9001304,
              15.1262115
            ],
            [
              76.9000187,
              15.1262115
            ],
            [
              76.9000187,
              15.1261301
            ]
          ]
        ]
      },
      "properties": {
        "plotNumber": 299,
        "block": "Block B",
        "areaSqM": 108,
        "areaSqFt": 1162.5,
        "frontageM": 12,
        "depthM": 9,
        "dimensions": "12m x 9m",
        "centroidCad": [
          26677.87,
          1475.79
        ],
        "centroidWgs84": [
          76.9000745,
          15.1261708
        ],
        "sourceHandle": "17A1A",
        "geometrySource": "CAD-DXF-EXTRACT-NUMBER-LAYER",
        "status": "UNKNOWN"
      }
    },
    {
      "type": "Feature",
      "id": 300,
      "geometry": {
        "type": "Polygon",
        "coordinates": [
          [
            [
              76.9000187,
              15.1262115
            ],
            [
              76.9001304,
              15.1262115
            ],
            [
              76.9001304,
              15.1262928
            ],
            [
              76.9000187,
              15.1262928
            ],
            [
              76.9000187,
              15.1262115
            ]
          ]
        ]
      },
      "properties": {
        "plotNumber": 300,
        "block": "Block B",
        "areaSqM": 108,
        "areaSqFt": 1162.5,
        "frontageM": 12,
        "depthM": 9,
        "dimensions": "12m x 9m",
        "centroidCad": [
          26677.87,
          1484.79
        ],
        "centroidWgs84": [
          76.9000745,
          15.1262521
        ],
        "sourceHandle": "192E6",
        "geometrySource": "CAD-DXF-EXTRACT-NUMBER-LAYER",
        "status": "UNKNOWN"
      }
    },
    {
      "type": "Feature",
      "id": 301,
      "geometry": {
        "type": "Polygon",
        "coordinates": [
          [
            [
              76.9000187,
              15.1262928
            ],
            [
              76.9001304,
              15.1262928
            ],
            [
              76.9001304,
              15.1264013
            ],
            [
              76.9000187,
              15.1264013
            ],
            [
              76.9000187,
              15.1262928
            ]
          ]
        ]
      },
      "properties": {
        "plotNumber": 301,
        "block": "Block B",
        "areaSqM": 144,
        "areaSqFt": 1550,
        "frontageM": 12,
        "depthM": 12,
        "dimensions": "12m x 12m",
        "centroidCad": [
          26677.87,
          1495.29
        ],
        "centroidWgs84": [
          76.9000745,
          15.1263471
        ],
        "sourceHandle": "15F4D",
        "geometrySource": "CAD-DXF-EXTRACT-NUMBER-LAYER",
        "status": "UNKNOWN"
      }
    },
    {
      "type": "Feature",
      "id": 302,
      "geometry": {
        "type": "Polygon",
        "coordinates": [
          [
            [
              76.899907,
              15.1262928
            ],
            [
              76.9000187,
              15.1262928
            ],
            [
              76.9000187,
              15.1264013
            ],
            [
              76.899907,
              15.1264013
            ],
            [
              76.899907,
              15.1262928
            ]
          ]
        ]
      },
      "properties": {
        "plotNumber": 302,
        "block": "Block B",
        "areaSqM": 144,
        "areaSqFt": 1550,
        "frontageM": 12,
        "depthM": 12,
        "dimensions": "12m x 12m",
        "centroidCad": [
          26665.87,
          1495.29
        ],
        "centroidWgs84": [
          76.8999629,
          15.1263471
        ],
        "sourceHandle": "15F59",
        "geometrySource": "CAD-DXF-EXTRACT-NUMBER-LAYER",
        "status": "UNKNOWN"
      }
    },
    {
      "type": "Feature",
      "id": 303,
      "geometry": {
        "type": "Polygon",
        "coordinates": [
          [
            [
              76.899907,
              15.1262115
            ],
            [
              76.9000187,
              15.1262115
            ],
            [
              76.9000187,
              15.1262928
            ],
            [
              76.899907,
              15.1262928
            ],
            [
              76.899907,
              15.1262115
            ]
          ]
        ]
      },
      "properties": {
        "plotNumber": 303,
        "block": "Block B",
        "areaSqM": 108,
        "areaSqFt": 1162.5,
        "frontageM": 12,
        "depthM": 9,
        "dimensions": "12m x 9m",
        "centroidCad": [
          26665.87,
          1484.79
        ],
        "centroidWgs84": [
          76.8999629,
          15.1262521
        ],
        "sourceHandle": "15F5A",
        "geometrySource": "CAD-DXF-EXTRACT-NUMBER-LAYER",
        "status": "UNKNOWN"
      }
    },
    {
      "type": "Feature",
      "id": 304,
      "geometry": {
        "type": "Polygon",
        "coordinates": [
          [
            [
              76.899907,
              15.1261301
            ],
            [
              76.9000187,
              15.1261301
            ],
            [
              76.9000187,
              15.1262115
            ],
            [
              76.899907,
              15.1262115
            ],
            [
              76.899907,
              15.1261301
            ]
          ]
        ]
      },
      "properties": {
        "plotNumber": 304,
        "block": "Block B",
        "areaSqM": 108,
        "areaSqFt": 1162.5,
        "frontageM": 12,
        "depthM": 9,
        "dimensions": "12m x 9m",
        "centroidCad": [
          26665.87,
          1475.79
        ],
        "centroidWgs84": [
          76.8999629,
          15.1261708
        ],
        "sourceHandle": "15F5B",
        "geometrySource": "CAD-DXF-EXTRACT-NUMBER-LAYER",
        "status": "UNKNOWN"
      }
    },
    {
      "type": "Feature",
      "id": 305,
      "geometry": {
        "type": "Polygon",
        "coordinates": [
          [
            [
              76.899907,
              15.1260487
            ],
            [
              76.9000187,
              15.1260487
            ],
            [
              76.9000187,
              15.1261301
            ],
            [
              76.899907,
              15.1261301
            ],
            [
              76.899907,
              15.1260487
            ]
          ]
        ]
      },
      "properties": {
        "plotNumber": 305,
        "block": "Block B",
        "areaSqM": 108,
        "areaSqFt": 1162.5,
        "frontageM": 12,
        "depthM": 9,
        "dimensions": "12m x 9m",
        "centroidCad": [
          26665.87,
          1466.79
        ],
        "centroidWgs84": [
          76.8999629,
          15.1260894
        ],
        "sourceHandle": "15F5C",
        "geometrySource": "CAD-DXF-EXTRACT-NUMBER-LAYER",
        "status": "UNKNOWN"
      }
    },
    {
      "type": "Feature",
      "id": 306,
      "geometry": {
        "type": "Polygon",
        "coordinates": [
          [
            [
              76.899907,
              15.1259673
            ],
            [
              76.9000187,
              15.1259673
            ],
            [
              76.9000187,
              15.1260487
            ],
            [
              76.899907,
              15.1260487
            ],
            [
              76.899907,
              15.1259673
            ]
          ]
        ]
      },
      "properties": {
        "plotNumber": 306,
        "block": "Block B",
        "areaSqM": 108,
        "areaSqFt": 1162.5,
        "frontageM": 12,
        "depthM": 9,
        "dimensions": "12m x 9m",
        "centroidCad": [
          26665.87,
          1457.79
        ],
        "centroidWgs84": [
          76.8999629,
          15.126008
        ],
        "sourceHandle": "15F5D",
        "geometrySource": "CAD-DXF-EXTRACT-NUMBER-LAYER",
        "status": "UNKNOWN"
      }
    },
    {
      "type": "Feature",
      "id": 307,
      "geometry": {
        "type": "Polygon",
        "coordinates": [
          [
            [
              76.899907,
              15.125886
            ],
            [
              76.9000187,
              15.125886
            ],
            [
              76.9000187,
              15.1259673
            ],
            [
              76.899907,
              15.1259673
            ],
            [
              76.899907,
              15.125886
            ]
          ]
        ]
      },
      "properties": {
        "plotNumber": 307,
        "block": "Block B",
        "areaSqM": 108,
        "areaSqFt": 1162.5,
        "frontageM": 12,
        "depthM": 9,
        "dimensions": "12m x 9m",
        "centroidCad": [
          26665.87,
          1448.79
        ],
        "centroidWgs84": [
          76.8999629,
          15.1259266
        ],
        "sourceHandle": "15F5E",
        "geometrySource": "CAD-DXF-EXTRACT-NUMBER-LAYER",
        "status": "UNKNOWN"
      }
    },
    {
      "type": "Feature",
      "id": 308,
      "geometry": {
        "type": "Polygon",
        "coordinates": [
          [
            [
              76.899907,
              15.1258046
            ],
            [
              76.9000187,
              15.1258046
            ],
            [
              76.9000187,
              15.125886
            ],
            [
              76.899907,
              15.125886
            ],
            [
              76.899907,
              15.1258046
            ]
          ]
        ]
      },
      "properties": {
        "plotNumber": 308,
        "block": "Block B",
        "areaSqM": 108,
        "areaSqFt": 1162.5,
        "frontageM": 12,
        "depthM": 9,
        "dimensions": "12m x 9m",
        "centroidCad": [
          26665.87,
          1439.79
        ],
        "centroidWgs84": [
          76.8999629,
          15.1258453
        ],
        "sourceHandle": "17A1B",
        "geometrySource": "CAD-DXF-EXTRACT-NUMBER-LAYER",
        "status": "UNKNOWN"
      }
    },
    {
      "type": "Feature",
      "id": 309,
      "geometry": {
        "type": "Polygon",
        "coordinates": [
          [
            [
              76.899907,
              15.1257232
            ],
            [
              76.9000187,
              15.1257232
            ],
            [
              76.9000187,
              15.1258046
            ],
            [
              76.899907,
              15.1258046
            ],
            [
              76.899907,
              15.1257232
            ]
          ]
        ]
      },
      "properties": {
        "plotNumber": 309,
        "block": "Block B",
        "areaSqM": 108,
        "areaSqFt": 1162.5,
        "frontageM": 12,
        "depthM": 9,
        "dimensions": "12m x 9m",
        "centroidCad": [
          26665.87,
          1430.79
        ],
        "centroidWgs84": [
          76.8999629,
          15.1257639
        ],
        "sourceHandle": "192E7",
        "geometrySource": "CAD-DXF-EXTRACT-NUMBER-LAYER",
        "status": "UNKNOWN"
      }
    },
    {
      "type": "Feature",
      "id": 310,
      "geometry": {
        "type": "Polygon",
        "coordinates": [
          [
            [
              76.899907,
              15.1255079
            ],
            [
              76.9000187,
              15.1255079
            ],
            [
              76.9000187,
              15.1257232
            ],
            [
              76.899907,
              15.1257232
            ],
            [
              76.899907,
              15.1255079
            ]
          ]
        ]
      },
      "properties": {
        "plotNumber": 310,
        "block": "Block B",
        "areaSqM": 285.72,
        "areaSqFt": 3075.5,
        "frontageM": 12,
        "depthM": 23.81,
        "dimensions": "12m x 23.81m",
        "centroidCad": [
          26665.87,
          1414.38
        ],
        "centroidWgs84": [
          76.8999629,
          15.1256155
        ],
        "sourceHandle": "15F5F",
        "geometrySource": "CAD-DXF-EXTRACT-NUMBER-LAYER",
        "status": "UNKNOWN"
      }
    },
    {
      "type": "Feature",
      "id": 311,
      "geometry": {
        "type": "Polygon",
        "coordinates": [
          [
            [
              76.8997116,
              15.1262928
            ],
            [
              76.8998233,
              15.1262928
            ],
            [
              76.8998233,
              15.1264013
            ],
            [
              76.8997116,
              15.1264013
            ],
            [
              76.8997116,
              15.1262928
            ]
          ]
        ]
      },
      "properties": {
        "plotNumber": 311,
        "block": "Block A",
        "areaSqM": 144,
        "areaSqFt": 1550,
        "frontageM": 12,
        "depthM": 12,
        "dimensions": "12m x 12m",
        "centroidCad": [
          26644.87,
          1495.29
        ],
        "centroidWgs84": [
          76.8997675,
          15.1263471
        ],
        "sourceHandle": "15F61",
        "geometrySource": "CAD-DXF-EXTRACT-NUMBER-LAYER",
        "status": "UNKNOWN"
      }
    },
    {
      "type": "Feature",
      "id": 312,
      "geometry": {
        "type": "Polygon",
        "coordinates": [
          [
            [
              76.8997116,
              15.1262115
            ],
            [
              76.8998233,
              15.1262115
            ],
            [
              76.8998233,
              15.1262928
            ],
            [
              76.8997116,
              15.1262928
            ],
            [
              76.8997116,
              15.1262115
            ]
          ]
        ]
      },
      "properties": {
        "plotNumber": 312,
        "block": "Block A",
        "areaSqM": 108,
        "areaSqFt": 1162.5,
        "frontageM": 12,
        "depthM": 9,
        "dimensions": "12m x 9m",
        "centroidCad": [
          26644.87,
          1484.79
        ],
        "centroidWgs84": [
          76.8997675,
          15.1262521
        ],
        "sourceHandle": "15F62",
        "geometrySource": "CAD-DXF-EXTRACT-NUMBER-LAYER",
        "status": "UNKNOWN"
      }
    },
    {
      "type": "Feature",
      "id": 313,
      "geometry": {
        "type": "Polygon",
        "coordinates": [
          [
            [
              76.8997116,
              15.1261301
            ],
            [
              76.8998233,
              15.1261301
            ],
            [
              76.8998233,
              15.1262115
            ],
            [
              76.8997116,
              15.1262115
            ],
            [
              76.8997116,
              15.1261301
            ]
          ]
        ]
      },
      "properties": {
        "plotNumber": 313,
        "block": "Block A",
        "areaSqM": 108,
        "areaSqFt": 1162.5,
        "frontageM": 12,
        "depthM": 9,
        "dimensions": "12m x 9m",
        "centroidCad": [
          26644.87,
          1475.79
        ],
        "centroidWgs84": [
          76.8997675,
          15.1261708
        ],
        "sourceHandle": "15F63",
        "geometrySource": "CAD-DXF-EXTRACT-NUMBER-LAYER",
        "status": "UNKNOWN"
      }
    },
    {
      "type": "Feature",
      "id": 314,
      "geometry": {
        "type": "Polygon",
        "coordinates": [
          [
            [
              76.8997116,
              15.1260487
            ],
            [
              76.8998233,
              15.1260487
            ],
            [
              76.8998233,
              15.1261301
            ],
            [
              76.8997116,
              15.1261301
            ],
            [
              76.8997116,
              15.1260487
            ]
          ]
        ]
      },
      "properties": {
        "plotNumber": 314,
        "block": "Block A",
        "areaSqM": 108,
        "areaSqFt": 1162.5,
        "frontageM": 12,
        "depthM": 9,
        "dimensions": "12m x 9m",
        "centroidCad": [
          26644.87,
          1466.79
        ],
        "centroidWgs84": [
          76.8997675,
          15.1260894
        ],
        "sourceHandle": "15F64",
        "geometrySource": "CAD-DXF-EXTRACT-NUMBER-LAYER",
        "status": "UNKNOWN"
      }
    },
    {
      "type": "Feature",
      "id": 315,
      "geometry": {
        "type": "Polygon",
        "coordinates": [
          [
            [
              76.8997116,
              15.1259673
            ],
            [
              76.8998233,
              15.1259673
            ],
            [
              76.8998233,
              15.1260487
            ],
            [
              76.8997116,
              15.1260487
            ],
            [
              76.8997116,
              15.1259673
            ]
          ]
        ]
      },
      "properties": {
        "plotNumber": 315,
        "block": "Block A",
        "areaSqM": 108,
        "areaSqFt": 1162.5,
        "frontageM": 12,
        "depthM": 9,
        "dimensions": "12m x 9m",
        "centroidCad": [
          26644.87,
          1457.79
        ],
        "centroidWgs84": [
          76.8997675,
          15.126008
        ],
        "sourceHandle": "15F65",
        "geometrySource": "CAD-DXF-EXTRACT-NUMBER-LAYER",
        "status": "UNKNOWN"
      }
    },
    {
      "type": "Feature",
      "id": 316,
      "geometry": {
        "type": "Polygon",
        "coordinates": [
          [
            [
              76.8997116,
              15.125886
            ],
            [
              76.8998233,
              15.125886
            ],
            [
              76.8998233,
              15.1259673
            ],
            [
              76.8997116,
              15.1259673
            ],
            [
              76.8997116,
              15.125886
            ]
          ]
        ]
      },
      "properties": {
        "plotNumber": 316,
        "block": "Block A",
        "areaSqM": 108,
        "areaSqFt": 1162.5,
        "frontageM": 12,
        "depthM": 9,
        "dimensions": "12m x 9m",
        "centroidCad": [
          26644.87,
          1448.79
        ],
        "centroidWgs84": [
          76.8997675,
          15.1259266
        ],
        "sourceHandle": "15F66",
        "geometrySource": "CAD-DXF-EXTRACT-NUMBER-LAYER",
        "status": "UNKNOWN"
      }
    },
    {
      "type": "Feature",
      "id": 317,
      "geometry": {
        "type": "Polygon",
        "coordinates": [
          [
            [
              76.8997116,
              15.1258046
            ],
            [
              76.8998233,
              15.1258046
            ],
            [
              76.8998233,
              15.125886
            ],
            [
              76.8997116,
              15.125886
            ],
            [
              76.8997116,
              15.1258046
            ]
          ]
        ]
      },
      "properties": {
        "plotNumber": 317,
        "block": "Block A",
        "areaSqM": 108,
        "areaSqFt": 1162.5,
        "frontageM": 12,
        "depthM": 9,
        "dimensions": "12m x 9m",
        "centroidCad": [
          26644.87,
          1439.79
        ],
        "centroidWgs84": [
          76.8997675,
          15.1258453
        ],
        "sourceHandle": "17A1C",
        "geometrySource": "CAD-DXF-EXTRACT-NUMBER-LAYER",
        "status": "UNKNOWN"
      }
    },
    {
      "type": "Feature",
      "id": 318,
      "geometry": {
        "type": "Polygon",
        "coordinates": [
          [
            [
              76.8997116,
              15.1255079
            ],
            [
              76.8998233,
              15.1255079
            ],
            [
              76.8998233,
              15.1258046
            ],
            [
              76.8997116,
              15.1258046
            ],
            [
              76.8997116,
              15.1255079
            ]
          ]
        ]
      },
      "properties": {
        "plotNumber": 318,
        "block": "Block A",
        "areaSqM": 393.72,
        "areaSqFt": 4238,
        "frontageM": 12,
        "depthM": 32.81,
        "dimensions": "12m x 32.81m",
        "centroidCad": [
          26644.87,
          1418.88
        ],
        "centroidWgs84": [
          76.8997675,
          15.1256562
        ],
        "sourceHandle": "15F67",
        "geometrySource": "CAD-DXF-EXTRACT-NUMBER-LAYER",
        "status": "UNKNOWN"
      }
    }
  ]
}